"SessionID","Configuration Name","Observer","DeviceID","Session Start Time","Session End Time","DateTime","Date","Time","Year","Month","Hour","Project Animals","Duration","Grid Size","Image Size","Notes","Channel Type","Focal Name","All Occurrence Value","All Occurrence Behavior Modifier 1","All Occurrence Behavior Modifier 2","All Occurrence Behavior Modifier 3","All Occurrence Behavior Social Modifier","All Occurrence Comment","Frame Number","Interval Channel 1 Name","Interval Channel 1 Value","Interval Channel 2 Name","Interval Channel 2 Value"
"1737","Hyrax","Anna Anderson","fec64e9b-ff9b-4fe1-8710-c140662355ed","2020-03-14 14:37:47","2020-03-14 14:52:47","2020-03-14 14:38:47","2020-03-14","14:38:47","2020","3","14","Janet,Brad","15.00","","600x600","","Interval","Brad","","","","","","","1","Active","Locomotion","Inactive","Standing"
"1737","Hyrax","Anna Anderson","fec64e9b-ff9b-4fe1-8710-c140662355ed","2020-03-14 14:37:47","2020-03-14 14:52:47","2020-03-14 14:38:47","2020-03-14","14:38:47","2020","3","14","Janet,Brad","15.00","","600x600","","Interval","Janet","","","","","","","1","Active","Locomotion","Inactive","Standing"
"1737","Hyrax","Anna Anderson","fec64e9b-ff9b-4fe1-8710-c140662355ed","2020-03-14 14:37:47","2020-03-14 14:52:47","2020-03-14 14:39:47","2020-03-14","14:39:47","2020","3","14","Janet,Brad","15.00","","600x600","","Interval","Brad","","","","","","","2","","","Inactive","Standing"
"1737","Hyrax","Anna Anderson","fec64e9b-ff9b-4fe1-8710-c140662355ed","2020-03-14 14:37:47","2020-03-14 14:52:47","2020-03-14 14:39:47","2020-03-14","14:39:47","2020","3","14","Janet,Brad","15.00","","600x600","","Interval","Janet","","","","","","","2","","","Inactive","Standing"
"1737","Hyrax","Anna Anderson","fec64e9b-ff9b-4fe1-8710-c140662355ed","2020-03-14 14:37:47","2020-03-14 14:52:47","2020-03-14 14:40:47","2020-03-14","14:40:47","2020","3","14","Janet,Brad","15.00","","600x600","","Interval","Brad","","","","","","","3","Active","Locomotion","Inactive","Standing"
"1737","Hyrax","Anna Anderson","fec64e9b-ff9b-4fe1-8710-c140662355ed","2020-03-14 14:37:47","2020-03-14 14:52:47","2020-03-14 14:40:47","2020-03-14","14:40:47","2020","3","14","Janet,Brad","15.00","","600x600","","Interval","Janet","","","","","","","3","","","Inactive","Standing"
"1737","Hyrax","Anna Anderson","fec64e9b-ff9b-4fe1-8710-c140662355ed","2020-03-14 14:37:47","2020-03-14 14:52:47","2020-03-14 14:41:47","2020-03-14","14:41:47","2020","3","14","Janet,Brad","15.00","","600x600","","Interval","Brad","","","","","","","4","","","Inactive","Standing"
"1737","Hyrax","Anna Anderson","fec64e9b-ff9b-4fe1-8710-c140662355ed","2020-03-14 14:37:47","2020-03-14 14:52:47","2020-03-14 14:41:47","2020-03-14","14:41:47","2020","3","14","Janet,Brad","15.00","","600x600","","Interval","Janet","","","","","","","4","","","Inactive","Standing"
"1737","Hyrax","Anna Anderson","fec64e9b-ff9b-4fe1-8710-c140662355ed","2020-03-14 14:37:47","2020-03-14 14:52:47","2020-03-14 14:42:47","2020-03-14","14:42:47","2020","3","14","Janet,Brad","15.00","","600x600","","Interval","Brad","","","","","","","5","Active","Locomotion","Inactive","Standing"
"1737","Hyrax","Anna Anderson","fec64e9b-ff9b-4fe1-8710-c140662355ed","2020-03-14 14:37:47","2020-03-14 14:52:47","2020-03-14 14:42:47","2020-03-14","14:42:47","2020","3","14","Janet,Brad","15.00","","600x600","","Interval","Janet","","","","","","","5","","","Inactive","Standing"
"1737","Hyrax","Anna Anderson","fec64e9b-ff9b-4fe1-8710-c140662355ed","2020-03-14 14:37:47","2020-03-14 14:52:47","2020-03-14 14:43:47","2020-03-14","14:43:47","2020","3","14","Janet,Brad","15.00","","600x600","","Interval","Brad","","","","","","","6","","","Inactive","Standing"
"1737","Hyrax","Anna Anderson","fec64e9b-ff9b-4fe1-8710-c140662355ed","2020-03-14 14:37:47","2020-03-14 14:52:47","2020-03-14 14:43:47","2020-03-14","14:43:47","2020","3","14","Janet,Brad","15.00","","600x600","","Interval","Janet","","","","","","","6","","","Inactive","Standing"
"1737","Hyrax","Anna Anderson","fec64e9b-ff9b-4fe1-8710-c140662355ed","2020-03-14 14:37:47","2020-03-14 14:52:47","2020-03-14 14:44:47","2020-03-14","14:44:47","2020","3","14","Janet,Brad","15.00","","600x600","","Interval","Brad","","","","","","","7","","","Inactive","Standing"
"1737","Hyrax","Anna Anderson","fec64e9b-ff9b-4fe1-8710-c140662355ed","2020-03-14 14:37:47","2020-03-14 14:52:47","2020-03-14 14:44:47","2020-03-14","14:44:47","2020","3","14","Janet,Brad","15.00","","600x600","","Interval","Janet","","","","","","","7","","","Inactive","Standing"
"1737","Hyrax","Anna Anderson","fec64e9b-ff9b-4fe1-8710-c140662355ed","2020-03-14 14:37:47","2020-03-14 14:52:47","2020-03-14 14:45:47","2020-03-14","14:45:47","2020","3","14","Janet,Brad","15.00","","600x600","","Interval","Brad","","","","","","","8","","","Inactive","Standing"
"1737","Hyrax","Anna Anderson","fec64e9b-ff9b-4fe1-8710-c140662355ed","2020-03-14 14:37:47","2020-03-14 14:52:47","2020-03-14 14:45:47","2020-03-14","14:45:47","2020","3","14","Janet,Brad","15.00","","600x600","","Interval","Janet","","","","","","","8","","","Inactive","Standing"
"1737","Hyrax","Anna Anderson","fec64e9b-ff9b-4fe1-8710-c140662355ed","2020-03-14 14:37:47","2020-03-14 14:52:47","2020-03-14 14:46:47","2020-03-14","14:46:47","2020","3","14","Janet,Brad","15.00","","600x600","","Interval","Brad","","","","","","","9","","","Inactive","Standing"
"1737","Hyrax","Anna Anderson","fec64e9b-ff9b-4fe1-8710-c140662355ed","2020-03-14 14:37:47","2020-03-14 14:52:47","2020-03-14 14:46:47","2020-03-14","14:46:47","2020","3","14","Janet,Brad","15.00","","600x600","","Interval","Janet","","","","","","","9","","","Inactive","Standing"
"1737","Hyrax","Anna Anderson","fec64e9b-ff9b-4fe1-8710-c140662355ed","2020-03-14 14:37:47","2020-03-14 14:52:47","2020-03-14 14:47:47","2020-03-14","14:47:47","2020","3","14","Janet,Brad","15.00","","600x600","","Interval","Brad","","","","","","","10","","","Inactive","Standing"
"1737","Hyrax","Anna Anderson","fec64e9b-ff9b-4fe1-8710-c140662355ed","2020-03-14 14:37:47","2020-03-14 14:52:47","2020-03-14 14:47:47","2020-03-14","14:47:47","2020","3","14","Janet,Brad","15.00","","600x600","","Interval","Janet","","","","","","","10","","","Inactive","Standing"
"1737","Hyrax","Anna Anderson","fec64e9b-ff9b-4fe1-8710-c140662355ed","2020-03-14 14:37:47","2020-03-14 14:52:47","2020-03-14 14:48:47","2020-03-14","14:48:47","2020","3","14","Janet,Brad","15.00","","600x600","","Interval","Brad","","","","","","","11","","","Inactive","Standing"
"1737","Hyrax","Anna Anderson","fec64e9b-ff9b-4fe1-8710-c140662355ed","2020-03-14 14:37:47","2020-03-14 14:52:47","2020-03-14 14:48:47","2020-03-14","14:48:47","2020","3","14","Janet,Brad","15.00","","600x600","","Interval","Janet","","","","","","","11","","","Inactive","Standing"
"1737","Hyrax","Anna Anderson","fec64e9b-ff9b-4fe1-8710-c140662355ed","2020-03-14 14:37:47","2020-03-14 14:52:47","2020-03-14 14:49:47","2020-03-14","14:49:47","2020","3","14","Janet,Brad","15.00","","600x600","","Interval","Brad","","","","","","","12","","","Inactive","Standing"
"1737","Hyrax","Anna Anderson","fec64e9b-ff9b-4fe1-8710-c140662355ed","2020-03-14 14:37:47","2020-03-14 14:52:47","2020-03-14 14:49:47","2020-03-14","14:49:47","2020","3","14","Janet,Brad","15.00","","600x600","","Interval","Janet","","","","","","","12","","","Inactive","Standing"
"1737","Hyrax","Anna Anderson","fec64e9b-ff9b-4fe1-8710-c140662355ed","2020-03-14 14:37:47","2020-03-14 14:52:47","2020-03-14 14:50:47","2020-03-14","14:50:47","2020","3","14","Janet,Brad","15.00","","600x600","","Interval","Brad","","","","","","","13","","","Inactive","Standing"
"1737","Hyrax","Anna Anderson","fec64e9b-ff9b-4fe1-8710-c140662355ed","2020-03-14 14:37:47","2020-03-14 14:52:47","2020-03-14 14:50:47","2020-03-14","14:50:47","2020","3","14","Janet,Brad","15.00","","600x600","","Interval","Janet","","","","","","","13","","","Inactive","Standing"
"1737","Hyrax","Anna Anderson","fec64e9b-ff9b-4fe1-8710-c140662355ed","2020-03-14 14:37:47","2020-03-14 14:52:47","2020-03-14 14:51:47","2020-03-14","14:51:47","2020","3","14","Janet,Brad","15.00","","600x600","","Interval","Brad","","","","","","","14","","","Inactive","Standing"
"1737","Hyrax","Anna Anderson","fec64e9b-ff9b-4fe1-8710-c140662355ed","2020-03-14 14:37:47","2020-03-14 14:52:47","2020-03-14 14:51:47","2020-03-14","14:51:47","2020","3","14","Janet,Brad","15.00","","600x600","","Interval","Janet","","","","","","","14","","","Inactive","Standing"
"1737","Hyrax","Anna Anderson","fec64e9b-ff9b-4fe1-8710-c140662355ed","2020-03-14 14:37:47","2020-03-14 14:52:47","2020-03-14 14:52:47","2020-03-14","14:52:47","2020","3","14","Janet,Brad","15.00","","600x600","","Interval","Brad","","","","","","","15","","","Inactive","Standing"
"1737","Hyrax","Anna Anderson","fec64e9b-ff9b-4fe1-8710-c140662355ed","2020-03-14 14:37:47","2020-03-14 14:52:47","2020-03-14 14:52:47","2020-03-14","14:52:47","2020","3","14","Janet,Brad","15.00","","600x600","","Interval","Janet","","","","","","","15","","","Inactive","Standing"
"1691","Hyrax","Gina Gley","664aada0-4976-408a-a13f-3f2629c3b099","2020-03-17 15:06:42","2020-03-17 15:21:42","2020-03-17 15:07:42","2020-03-17","15:07:42","2020","3","15","Janet,Brad","15.00","","600x600","Intern Nathan Sylvain ","Interval","Brad","","","","","","","1","","","Inactive","Standing"
"1691","Hyrax","Gina Gley","664aada0-4976-408a-a13f-3f2629c3b099","2020-03-17 15:06:42","2020-03-17 15:21:42","2020-03-17 15:07:42","2020-03-17","15:07:42","2020","3","15","Janet,Brad","15.00","","600x600","Intern Nathan Sylvain ","Interval","Janet","","","","","","","1","","","Inactive","Standing"
"1691","Hyrax","Gina Gley","664aada0-4976-408a-a13f-3f2629c3b099","2020-03-17 15:06:42","2020-03-17 15:21:42","2020-03-17 15:08:42","2020-03-17","15:08:42","2020","3","15","Janet,Brad","15.00","","600x600","Intern Nathan Sylvain ","Interval","Brad","","","","","","","2","","","Inactive","Laying down"
"1691","Hyrax","Gina Gley","664aada0-4976-408a-a13f-3f2629c3b099","2020-03-17 15:06:42","2020-03-17 15:21:42","2020-03-17 15:08:42","2020-03-17","15:08:42","2020","3","15","Janet,Brad","15.00","","600x600","Intern Nathan Sylvain ","Interval","Janet","","","","","","","2","","","Inactive","Laying down"
"1691","Hyrax","Gina Gley","664aada0-4976-408a-a13f-3f2629c3b099","2020-03-17 15:06:42","2020-03-17 15:21:42","2020-03-17 15:09:42","2020-03-17","15:09:42","2020","3","15","Janet,Brad","15.00","","600x600","Intern Nathan Sylvain ","Interval","Brad","","","","","","","3","","","Inactive","Standing"
"1691","Hyrax","Gina Gley","664aada0-4976-408a-a13f-3f2629c3b099","2020-03-17 15:06:42","2020-03-17 15:21:42","2020-03-17 15:09:42","2020-03-17","15:09:42","2020","3","15","Janet,Brad","15.00","","600x600","Intern Nathan Sylvain ","Interval","Janet","","","","","","","3","","","Inactive","Out of view"
"1691","Hyrax","Gina Gley","664aada0-4976-408a-a13f-3f2629c3b099","2020-03-17 15:06:42","2020-03-17 15:21:42","2020-03-17 15:10:42","2020-03-17","15:10:42","2020","3","15","Janet,Brad","15.00","","600x600","Intern Nathan Sylvain ","Interval","Brad","","","","","","","4","","","Inactive","Laying down"
"1691","Hyrax","Gina Gley","664aada0-4976-408a-a13f-3f2629c3b099","2020-03-17 15:06:42","2020-03-17 15:21:42","2020-03-17 15:10:42","2020-03-17","15:10:42","2020","3","15","Janet,Brad","15.00","","600x600","Intern Nathan Sylvain ","Interval","Janet","","","","","","","4","","","Inactive","Out of view"
"1691","Hyrax","Gina Gley","664aada0-4976-408a-a13f-3f2629c3b099","2020-03-17 15:06:42","2020-03-17 15:21:42","2020-03-17 15:11:42","2020-03-17","15:11:42","2020","3","15","Janet,Brad","15.00","","600x600","Intern Nathan Sylvain ","Interval","Brad","","","","","","","5","","","Inactive","Standing"
"1691","Hyrax","Gina Gley","664aada0-4976-408a-a13f-3f2629c3b099","2020-03-17 15:06:42","2020-03-17 15:21:42","2020-03-17 15:11:42","2020-03-17","15:11:42","2020","3","15","Janet,Brad","15.00","","600x600","Intern Nathan Sylvain ","Interval","Janet","","","","","","","5","","","Inactive","Out of view"
"1691","Hyrax","Gina Gley","664aada0-4976-408a-a13f-3f2629c3b099","2020-03-17 15:06:42","2020-03-17 15:21:42","2020-03-17 15:12:42","2020-03-17","15:12:42","2020","3","15","Janet,Brad","15.00","","600x600","Intern Nathan Sylvain ","Interval","Brad","","","","","","","6","","","Inactive","Laying down"
"1691","Hyrax","Gina Gley","664aada0-4976-408a-a13f-3f2629c3b099","2020-03-17 15:06:42","2020-03-17 15:21:42","2020-03-17 15:12:42","2020-03-17","15:12:42","2020","3","15","Janet,Brad","15.00","","600x600","Intern Nathan Sylvain ","Interval","Janet","","","","","","","6","","","Inactive","Out of view"
"1691","Hyrax","Gina Gley","664aada0-4976-408a-a13f-3f2629c3b099","2020-03-17 15:06:42","2020-03-17 15:21:42","2020-03-17 15:13:42","2020-03-17","15:13:42","2020","3","15","Janet,Brad","15.00","","600x600","Intern Nathan Sylvain ","Interval","Brad","","","","","","","7","","","Inactive","Laying down"
"1691","Hyrax","Gina Gley","664aada0-4976-408a-a13f-3f2629c3b099","2020-03-17 15:06:42","2020-03-17 15:21:42","2020-03-17 15:13:42","2020-03-17","15:13:42","2020","3","15","Janet,Brad","15.00","","600x600","Intern Nathan Sylvain ","Interval","Janet","","","","","","","7","","","Inactive","Out of view"
"1691","Hyrax","Gina Gley","664aada0-4976-408a-a13f-3f2629c3b099","2020-03-17 15:06:42","2020-03-17 15:21:42","2020-03-17 15:14:42","2020-03-17","15:14:42","2020","3","15","Janet,Brad","15.00","","600x600","Intern Nathan Sylvain ","Interval","Brad","","","","","","","8","","","Inactive","Laying down"
"1691","Hyrax","Gina Gley","664aada0-4976-408a-a13f-3f2629c3b099","2020-03-17 15:06:42","2020-03-17 15:21:42","2020-03-17 15:14:42","2020-03-17","15:14:42","2020","3","15","Janet,Brad","15.00","","600x600","Intern Nathan Sylvain ","Interval","Janet","","","","","","","8","","","Inactive","Out of view"
"1691","Hyrax","Gina Gley","664aada0-4976-408a-a13f-3f2629c3b099","2020-03-17 15:06:42","2020-03-17 15:21:42","2020-03-17 15:15:42","2020-03-17","15:15:42","2020","3","15","Janet,Brad","15.00","","600x600","Intern Nathan Sylvain ","Interval","Brad","","","","","","","9","","","Inactive","Laying down"
"1691","Hyrax","Gina Gley","664aada0-4976-408a-a13f-3f2629c3b099","2020-03-17 15:06:42","2020-03-17 15:21:42","2020-03-17 15:15:42","2020-03-17","15:15:42","2020","3","15","Janet,Brad","15.00","","600x600","Intern Nathan Sylvain ","Interval","Janet","","","","","","","9","","","Inactive","Out of view"
"1691","Hyrax","Gina Gley","664aada0-4976-408a-a13f-3f2629c3b099","2020-03-17 15:06:42","2020-03-17 15:21:42","2020-03-17 15:16:42","2020-03-17","15:16:42","2020","3","15","Janet,Brad","15.00","","600x600","Intern Nathan Sylvain ","Interval","Brad","","","","","","","10","","","Inactive","Laying down"
"1691","Hyrax","Gina Gley","664aada0-4976-408a-a13f-3f2629c3b099","2020-03-17 15:06:42","2020-03-17 15:21:42","2020-03-17 15:16:42","2020-03-17","15:16:42","2020","3","15","Janet,Brad","15.00","","600x600","Intern Nathan Sylvain ","Interval","Janet","","","","","","","10","","","Inactive","Out of view"
"1691","Hyrax","Gina Gley","664aada0-4976-408a-a13f-3f2629c3b099","2020-03-17 15:06:42","2020-03-17 15:21:42","2020-03-17 15:17:42","2020-03-17","15:17:42","2020","3","15","Janet,Brad","15.00","","600x600","Intern Nathan Sylvain ","Interval","Brad","","","","","","","11","","","Inactive","Laying down"
"1691","Hyrax","Gina Gley","664aada0-4976-408a-a13f-3f2629c3b099","2020-03-17 15:06:42","2020-03-17 15:21:42","2020-03-17 15:17:42","2020-03-17","15:17:42","2020","3","15","Janet,Brad","15.00","","600x600","Intern Nathan Sylvain ","Interval","Janet","","","","","","","11","","","Inactive","Out of view"
"1691","Hyrax","Gina Gley","664aada0-4976-408a-a13f-3f2629c3b099","2020-03-17 15:06:42","2020-03-17 15:21:42","2020-03-17 15:18:42","2020-03-17","15:18:42","2020","3","15","Janet,Brad","15.00","","600x600","Intern Nathan Sylvain ","Interval","Brad","","","","","","","12","","","Inactive","Laying down"
"1691","Hyrax","Gina Gley","664aada0-4976-408a-a13f-3f2629c3b099","2020-03-17 15:06:42","2020-03-17 15:21:42","2020-03-17 15:18:42","2020-03-17","15:18:42","2020","3","15","Janet,Brad","15.00","","600x600","Intern Nathan Sylvain ","Interval","Janet","","","","","","","12","","","Inactive","Out of view"
"1691","Hyrax","Gina Gley","664aada0-4976-408a-a13f-3f2629c3b099","2020-03-17 15:06:42","2020-03-17 15:21:42","2020-03-17 15:19:42","2020-03-17","15:19:42","2020","3","15","Janet,Brad","15.00","","600x600","Intern Nathan Sylvain ","Interval","Brad","","","","","","","13","","","Inactive","Laying down"
"1691","Hyrax","Gina Gley","664aada0-4976-408a-a13f-3f2629c3b099","2020-03-17 15:06:42","2020-03-17 15:21:42","2020-03-17 15:19:42","2020-03-17","15:19:42","2020","3","15","Janet,Brad","15.00","","600x600","Intern Nathan Sylvain ","Interval","Janet","","","","","","","13","","","Inactive","Out of view"
"1691","Hyrax","Gina Gley","664aada0-4976-408a-a13f-3f2629c3b099","2020-03-17 15:06:42","2020-03-17 15:21:42","2020-03-17 15:20:42","2020-03-17","15:20:42","2020","3","15","Janet,Brad","15.00","","600x600","Intern Nathan Sylvain ","Interval","Brad","","","","","","","14","","","Inactive","Laying down"
"1691","Hyrax","Gina Gley","664aada0-4976-408a-a13f-3f2629c3b099","2020-03-17 15:06:42","2020-03-17 15:21:42","2020-03-17 15:20:42","2020-03-17","15:20:42","2020","3","15","Janet,Brad","15.00","","600x600","Intern Nathan Sylvain ","Interval","Janet","","","","","","","14","","","Inactive","Out of view"
"1691","Hyrax","Gina Gley","664aada0-4976-408a-a13f-3f2629c3b099","2020-03-17 15:06:42","2020-03-17 15:21:42","2020-03-17 15:21:42","2020-03-17","15:21:42","2020","3","15","Janet,Brad","15.00","","600x600","Intern Nathan Sylvain ","Interval","Brad","","","","","","","15","","","Inactive","Laying down"
"1691","Hyrax","Gina Gley","664aada0-4976-408a-a13f-3f2629c3b099","2020-03-17 15:06:42","2020-03-17 15:21:42","2020-03-17 15:21:42","2020-03-17","15:21:42","2020","3","15","Janet,Brad","15.00","","600x600","Intern Nathan Sylvain ","Interval","Janet","","","","","","","15","","","Inactive","Out of view"
"1688","Hyrax","Lindsay Rodgers","664aada0-4976-408a-a13f-3f2629c3b099","2020-03-20 15:52:25","2020-03-20 16:07:25","2020-03-20 15:53:25","2020-03-20","15:53:25","2020","3","15","Janet,Brad","15.00","","600x600","","Interval","Brad","","","","","","","1","","","Inactive","Standing"
"1688","Hyrax","Lindsay Rodgers","664aada0-4976-408a-a13f-3f2629c3b099","2020-03-20 15:52:25","2020-03-20 16:07:25","2020-03-20 15:53:25","2020-03-20","15:53:25","2020","3","15","Janet,Brad","15.00","","600x600","","Interval","Janet","","","","","","","1","","","Inactive","Sleeping"
"1688","Hyrax","Lindsay Rodgers","664aada0-4976-408a-a13f-3f2629c3b099","2020-03-20 15:52:25","2020-03-20 16:07:25","2020-03-20 15:54:25","2020-03-20","15:54:25","2020","3","15","Janet,Brad","15.00","","600x600","","Interval","Brad","","","","","","","2","","","Inactive","Standing"
"1688","Hyrax","Lindsay Rodgers","664aada0-4976-408a-a13f-3f2629c3b099","2020-03-20 15:52:25","2020-03-20 16:07:25","2020-03-20 15:54:25","2020-03-20","15:54:25","2020","3","15","Janet,Brad","15.00","","600x600","","Interval","Janet","","","","","","","2","","","Inactive","Sleeping"
"1688","Hyrax","Lindsay Rodgers","664aada0-4976-408a-a13f-3f2629c3b099","2020-03-20 15:52:25","2020-03-20 16:07:25","2020-03-20 15:55:25","2020-03-20","15:55:25","2020","3","15","Janet,Brad","15.00","","600x600","","Interval","Brad","","","","","","","3","","","Inactive","Standing"
"1688","Hyrax","Lindsay Rodgers","664aada0-4976-408a-a13f-3f2629c3b099","2020-03-20 15:52:25","2020-03-20 16:07:25","2020-03-20 15:55:25","2020-03-20","15:55:25","2020","3","15","Janet,Brad","15.00","","600x600","","Interval","Janet","","","","","","","3","","","Inactive","Sleeping"
"1688","Hyrax","Lindsay Rodgers","664aada0-4976-408a-a13f-3f2629c3b099","2020-03-20 15:52:25","2020-03-20 16:07:25","2020-03-20 15:56:25","2020-03-20","15:56:25","2020","3","15","Janet,Brad","15.00","","600x600","","Interval","Brad","","","","","","","4","","","Inactive","Standing"
"1688","Hyrax","Lindsay Rodgers","664aada0-4976-408a-a13f-3f2629c3b099","2020-03-20 15:52:25","2020-03-20 16:07:25","2020-03-20 15:56:25","2020-03-20","15:56:25","2020","3","15","Janet,Brad","15.00","","600x600","","Interval","Janet","","","","","","","4","","","Inactive","Out of view"
"1688","Hyrax","Lindsay Rodgers","664aada0-4976-408a-a13f-3f2629c3b099","2020-03-20 15:52:25","2020-03-20 16:07:25","2020-03-20 15:57:25","2020-03-20","15:57:25","2020","3","15","Janet,Brad","15.00","","600x600","","Interval","Brad","","","","","","","5","","","Inactive","Standing"
"1688","Hyrax","Lindsay Rodgers","664aada0-4976-408a-a13f-3f2629c3b099","2020-03-20 15:52:25","2020-03-20 16:07:25","2020-03-20 15:57:25","2020-03-20","15:57:25","2020","3","15","Janet,Brad","15.00","","600x600","","Interval","Janet","","","","","","","5","","","Inactive","Out of view"
"1688","Hyrax","Lindsay Rodgers","664aada0-4976-408a-a13f-3f2629c3b099","2020-03-20 15:52:25","2020-03-20 16:07:25","2020-03-20 15:58:25","2020-03-20","15:58:25","2020","3","15","Janet,Brad","15.00","","600x600","","Interval","Brad","","","","","","","6","","","Inactive","Standing"
"1688","Hyrax","Lindsay Rodgers","664aada0-4976-408a-a13f-3f2629c3b099","2020-03-20 15:52:25","2020-03-20 16:07:25","2020-03-20 15:58:25","2020-03-20","15:58:25","2020","3","15","Janet,Brad","15.00","","600x600","","Interval","Janet","","","","","","","6","","","Inactive","Out of view"
"1688","Hyrax","Lindsay Rodgers","664aada0-4976-408a-a13f-3f2629c3b099","2020-03-20 15:52:25","2020-03-20 16:07:25","2020-03-20 15:59:25","2020-03-20","15:59:25","2020","3","15","Janet,Brad","15.00","","600x600","","Interval","Brad","","","","","","","7","","","Inactive","Standing"
"1688","Hyrax","Lindsay Rodgers","664aada0-4976-408a-a13f-3f2629c3b099","2020-03-20 15:52:25","2020-03-20 16:07:25","2020-03-20 15:59:25","2020-03-20","15:59:25","2020","3","15","Janet,Brad","15.00","","600x600","","Interval","Janet","","","","","","","7","","","Inactive","Out of view"
"1688","Hyrax","Lindsay Rodgers","664aada0-4976-408a-a13f-3f2629c3b099","2020-03-20 15:52:25","2020-03-20 16:07:25","2020-03-20 16:00:25","2020-03-20","16:00:25","2020","3","16","Janet,Brad","15.00","","600x600","","Interval","Brad","","","","","","","8","","","Inactive","Standing"
"1688","Hyrax","Lindsay Rodgers","664aada0-4976-408a-a13f-3f2629c3b099","2020-03-20 15:52:25","2020-03-20 16:07:25","2020-03-20 16:00:25","2020-03-20","16:00:25","2020","3","16","Janet,Brad","15.00","","600x600","","Interval","Janet","","","","","","","8","","","Inactive","Out of view"
"1688","Hyrax","Lindsay Rodgers","664aada0-4976-408a-a13f-3f2629c3b099","2020-03-20 15:52:25","2020-03-20 16:07:25","2020-03-20 16:01:25","2020-03-20","16:01:25","2020","3","16","Janet,Brad","15.00","","600x600","","Interval","Brad","","","","","","","9","Active","Locomotion","",""
"1688","Hyrax","Lindsay Rodgers","664aada0-4976-408a-a13f-3f2629c3b099","2020-03-20 15:52:25","2020-03-20 16:07:25","2020-03-20 16:01:25","2020-03-20","16:01:25","2020","3","16","Janet,Brad","15.00","","600x600","","Interval","Janet","","","","","","","9","","","Inactive","Laying down"
"1688","Hyrax","Lindsay Rodgers","664aada0-4976-408a-a13f-3f2629c3b099","2020-03-20 15:52:25","2020-03-20 16:07:25","2020-03-20 16:02:25","2020-03-20","16:02:25","2020","3","16","Janet,Brad","15.00","","600x600","","Interval","Brad","","","","","","","10","Active","Locomotion","Inactive","Standing"
"1688","Hyrax","Lindsay Rodgers","664aada0-4976-408a-a13f-3f2629c3b099","2020-03-20 15:52:25","2020-03-20 16:07:25","2020-03-20 16:02:25","2020-03-20","16:02:25","2020","3","16","Janet,Brad","15.00","","600x600","","Interval","Janet","","","","","","","10","Active","Locomotion","Inactive","Laying down"
"1688","Hyrax","Lindsay Rodgers","664aada0-4976-408a-a13f-3f2629c3b099","2020-03-20 15:52:25","2020-03-20 16:07:25","2020-03-20 16:03:25","2020-03-20","16:03:25","2020","3","16","Janet,Brad","15.00","","600x600","","Interval","Brad","","","","","","","11","","","Inactive","Standing"
"1688","Hyrax","Lindsay Rodgers","664aada0-4976-408a-a13f-3f2629c3b099","2020-03-20 15:52:25","2020-03-20 16:07:25","2020-03-20 16:03:25","2020-03-20","16:03:25","2020","3","16","Janet,Brad","15.00","","600x600","","Interval","Janet","","","","","","","11","","","Inactive","Laying down"
"1688","Hyrax","Lindsay Rodgers","664aada0-4976-408a-a13f-3f2629c3b099","2020-03-20 15:52:25","2020-03-20 16:07:25","2020-03-20 16:04:25","2020-03-20","16:04:25","2020","3","16","Janet,Brad","15.00","","600x600","","Interval","Brad","","","","","","","12","","","Inactive","Laying down"
"1688","Hyrax","Lindsay Rodgers","664aada0-4976-408a-a13f-3f2629c3b099","2020-03-20 15:52:25","2020-03-20 16:07:25","2020-03-20 16:04:25","2020-03-20","16:04:25","2020","3","16","Janet,Brad","15.00","","600x600","","Interval","Janet","","","","","","","12","","","Inactive","Laying down"
"1688","Hyrax","Lindsay Rodgers","664aada0-4976-408a-a13f-3f2629c3b099","2020-03-20 15:52:25","2020-03-20 16:07:25","2020-03-20 16:05:25","2020-03-20","16:05:25","2020","3","16","Janet,Brad","15.00","","600x600","","Interval","Brad","","","","","","","13","","","Inactive","Laying down"
"1688","Hyrax","Lindsay Rodgers","664aada0-4976-408a-a13f-3f2629c3b099","2020-03-20 15:52:25","2020-03-20 16:07:25","2020-03-20 16:05:25","2020-03-20","16:05:25","2020","3","16","Janet,Brad","15.00","","600x600","","Interval","Janet","","","","","","","13","","","Inactive","Laying down"
"1688","Hyrax","Lindsay Rodgers","664aada0-4976-408a-a13f-3f2629c3b099","2020-03-20 15:52:25","2020-03-20 16:07:25","2020-03-20 16:06:25","2020-03-20","16:06:25","2020","3","16","Janet,Brad","15.00","","600x600","","Interval","Brad","","","","","","","14","","","Inactive","Laying down"
"1688","Hyrax","Lindsay Rodgers","664aada0-4976-408a-a13f-3f2629c3b099","2020-03-20 15:52:25","2020-03-20 16:07:25","2020-03-20 16:06:25","2020-03-20","16:06:25","2020","3","16","Janet,Brad","15.00","","600x600","","Interval","Janet","","","","","","","14","","","Inactive","Laying down"
"1688","Hyrax","Lindsay Rodgers","664aada0-4976-408a-a13f-3f2629c3b099","2020-03-20 15:52:25","2020-03-20 16:07:25","","","","","","","Janet,Brad","15.00","","600x600","","Interval","Brad","","","","","","","15","","","",""
"1688","Hyrax","Lindsay Rodgers","664aada0-4976-408a-a13f-3f2629c3b099","2020-03-20 15:52:25","2020-03-20 16:07:25","","","","","","","Janet,Brad","15.00","","600x600","","Interval","Janet","","","","","","","15","","","",""
"1713","Hyrax","Gina Gley","664aada0-4976-408a-a13f-3f2629c3b099","2020-03-31 14:21:10","2020-03-31 14:36:10","2020-03-31 14:22:10","2020-03-31","14:22:10","2020","3","14","Janet,Brad","15.00","","600x600","","Interval","Brad","","","","","","","1","","","Inactive","Out of view"
"1713","Hyrax","Gina Gley","664aada0-4976-408a-a13f-3f2629c3b099","2020-03-31 14:21:10","2020-03-31 14:36:10","2020-03-31 14:22:10","2020-03-31","14:22:10","2020","3","14","Janet,Brad","15.00","","600x600","","Interval","Janet","","","","","","","1","","","Inactive","Out of view"
"1713","Hyrax","Gina Gley","664aada0-4976-408a-a13f-3f2629c3b099","2020-03-31 14:21:10","2020-03-31 14:36:10","2020-03-31 14:23:10","2020-03-31","14:23:10","2020","3","14","Janet,Brad","15.00","","600x600","","Interval","Brad","","","","","","","2","","","Inactive","Out of view"
"1713","Hyrax","Gina Gley","664aada0-4976-408a-a13f-3f2629c3b099","2020-03-31 14:21:10","2020-03-31 14:36:10","2020-03-31 14:23:10","2020-03-31","14:23:10","2020","3","14","Janet,Brad","15.00","","600x600","","Interval","Janet","","","","","","","2","","","Inactive","Out of view"
"1713","Hyrax","Gina Gley","664aada0-4976-408a-a13f-3f2629c3b099","2020-03-31 14:21:10","2020-03-31 14:36:10","2020-03-31 14:24:10","2020-03-31","14:24:10","2020","3","14","Janet,Brad","15.00","","600x600","","Interval","Brad","","","","","","","3","","","Inactive","Out of view"
"1713","Hyrax","Gina Gley","664aada0-4976-408a-a13f-3f2629c3b099","2020-03-31 14:21:10","2020-03-31 14:36:10","2020-03-31 14:24:10","2020-03-31","14:24:10","2020","3","14","Janet,Brad","15.00","","600x600","","Interval","Janet","","","","","","","3","","","Inactive","Out of view"
"1713","Hyrax","Gina Gley","664aada0-4976-408a-a13f-3f2629c3b099","2020-03-31 14:21:10","2020-03-31 14:36:10","2020-03-31 14:25:10","2020-03-31","14:25:10","2020","3","14","Janet,Brad","15.00","","600x600","","Interval","Brad","","","","","","","4","","","Inactive","Out of view"
"1713","Hyrax","Gina Gley","664aada0-4976-408a-a13f-3f2629c3b099","2020-03-31 14:21:10","2020-03-31 14:36:10","2020-03-31 14:25:10","2020-03-31","14:25:10","2020","3","14","Janet,Brad","15.00","","600x600","","Interval","Janet","","","","","","","4","","","Inactive","Out of view"
"1713","Hyrax","Gina Gley","664aada0-4976-408a-a13f-3f2629c3b099","2020-03-31 14:21:10","2020-03-31 14:36:10","2020-03-31 14:26:10","2020-03-31","14:26:10","2020","3","14","Janet,Brad","15.00","","600x600","","Interval","Brad","","","","","","","5","","","Inactive","Out of view"
"1713","Hyrax","Gina Gley","664aada0-4976-408a-a13f-3f2629c3b099","2020-03-31 14:21:10","2020-03-31 14:36:10","2020-03-31 14:26:10","2020-03-31","14:26:10","2020","3","14","Janet,Brad","15.00","","600x600","","Interval","Janet","","","","","","","5","","","Inactive","Out of view"
"1713","Hyrax","Gina Gley","664aada0-4976-408a-a13f-3f2629c3b099","2020-03-31 14:21:10","2020-03-31 14:36:10","2020-03-31 14:27:10","2020-03-31","14:27:10","2020","3","14","Janet,Brad","15.00","","600x600","","Interval","Brad","","","","","","","6","","","Inactive","Out of view"
"1713","Hyrax","Gina Gley","664aada0-4976-408a-a13f-3f2629c3b099","2020-03-31 14:21:10","2020-03-31 14:36:10","2020-03-31 14:27:10","2020-03-31","14:27:10","2020","3","14","Janet,Brad","15.00","","600x600","","Interval","Janet","","","","","","","6","","","Inactive","Out of view"
"1713","Hyrax","Gina Gley","664aada0-4976-408a-a13f-3f2629c3b099","2020-03-31 14:21:10","2020-03-31 14:36:10","2020-03-31 14:28:10","2020-03-31","14:28:10","2020","3","14","Janet,Brad","15.00","","600x600","","Interval","Brad","","","","","","","7","","","Inactive","Out of view"
"1713","Hyrax","Gina Gley","664aada0-4976-408a-a13f-3f2629c3b099","2020-03-31 14:21:10","2020-03-31 14:36:10","2020-03-31 14:28:10","2020-03-31","14:28:10","2020","3","14","Janet,Brad","15.00","","600x600","","Interval","Janet","","","","","","","7","","","Inactive","Out of view"
"1713","Hyrax","Gina Gley","664aada0-4976-408a-a13f-3f2629c3b099","2020-03-31 14:21:10","2020-03-31 14:36:10","2020-03-31 14:29:10","2020-03-31","14:29:10","2020","3","14","Janet,Brad","15.00","","600x600","","Interval","Brad","","","","","","","8","","","Inactive","Out of view"
"1713","Hyrax","Gina Gley","664aada0-4976-408a-a13f-3f2629c3b099","2020-03-31 14:21:10","2020-03-31 14:36:10","2020-03-31 14:29:10","2020-03-31","14:29:10","2020","3","14","Janet,Brad","15.00","","600x600","","Interval","Janet","","","","","","","8","","","Inactive","Out of view"
"1713","Hyrax","Gina Gley","664aada0-4976-408a-a13f-3f2629c3b099","2020-03-31 14:21:10","2020-03-31 14:36:10","2020-03-31 14:30:10","2020-03-31","14:30:10","2020","3","14","Janet,Brad","15.00","","600x600","","Interval","Janet","","","","","","","9","","","Inactive","Out of view"
"1713","Hyrax","Gina Gley","664aada0-4976-408a-a13f-3f2629c3b099","2020-03-31 14:21:10","2020-03-31 14:36:10","2020-03-31 14:31:10","2020-03-31","14:31:10","2020","3","14","Janet,Brad","15.00","","600x600","","Interval","Brad","","","","","","","10","","","Inactive","Out of view"
"1713","Hyrax","Gina Gley","664aada0-4976-408a-a13f-3f2629c3b099","2020-03-31 14:21:10","2020-03-31 14:36:10","2020-03-31 14:32:10","2020-03-31","14:32:10","2020","3","14","Janet,Brad","15.00","","600x600","","Interval","Brad","","","","","","","11","","","Inactive","Out of view"
"1713","Hyrax","Gina Gley","664aada0-4976-408a-a13f-3f2629c3b099","2020-03-31 14:21:10","2020-03-31 14:36:10","2020-03-31 14:32:10","2020-03-31","14:32:10","2020","3","14","Janet,Brad","15.00","","600x600","","Interval","Janet","","","","","","","11","","","Inactive","Out of view"
"1713","Hyrax","Gina Gley","664aada0-4976-408a-a13f-3f2629c3b099","2020-03-31 14:21:10","2020-03-31 14:36:10","2020-03-31 14:33:10","2020-03-31","14:33:10","2020","3","14","Janet,Brad","15.00","","600x600","","Interval","Brad","","","","","","","12","","","Inactive","Out of view"
"1713","Hyrax","Gina Gley","664aada0-4976-408a-a13f-3f2629c3b099","2020-03-31 14:21:10","2020-03-31 14:36:10","2020-03-31 14:33:10","2020-03-31","14:33:10","2020","3","14","Janet,Brad","15.00","","600x600","","Interval","Janet","","","","","","","12","","","Inactive","Out of view"
"1713","Hyrax","Gina Gley","664aada0-4976-408a-a13f-3f2629c3b099","2020-03-31 14:21:10","2020-03-31 14:36:10","2020-03-31 14:34:10","2020-03-31","14:34:10","2020","3","14","Janet,Brad","15.00","","600x600","","Interval","Brad","","","","","","","13","","","Inactive","Out of view"
"1713","Hyrax","Gina Gley","664aada0-4976-408a-a13f-3f2629c3b099","2020-03-31 14:21:10","2020-03-31 14:36:10","2020-03-31 14:34:10","2020-03-31","14:34:10","2020","3","14","Janet,Brad","15.00","","600x600","","Interval","Janet","","","","","","","13","","","Inactive","Out of view"
"1713","Hyrax","Gina Gley","664aada0-4976-408a-a13f-3f2629c3b099","2020-03-31 14:21:10","2020-03-31 14:36:10","2020-03-31 14:35:10","2020-03-31","14:35:10","2020","3","14","Janet,Brad","15.00","","600x600","","Interval","Brad","","","","","","","14","","","Inactive","Out of view"
"1713","Hyrax","Gina Gley","664aada0-4976-408a-a13f-3f2629c3b099","2020-03-31 14:21:10","2020-03-31 14:36:10","2020-03-31 14:35:10","2020-03-31","14:35:10","2020","3","14","Janet,Brad","15.00","","600x600","","Interval","Janet","","","","","","","14","","","Inactive","Out of view"
"1713","Hyrax","Gina Gley","664aada0-4976-408a-a13f-3f2629c3b099","2020-03-31 14:21:10","2020-03-31 14:36:10","","","","","","","Janet,Brad","15.00","","600x600","","Interval","Brad","","","","","","","15","","","",""
"1713","Hyrax","Gina Gley","664aada0-4976-408a-a13f-3f2629c3b099","2020-03-31 14:21:10","2020-03-31 14:36:10","","","","","","","Janet,Brad","15.00","","600x600","","Interval","Janet","","","","","","","15","","","",""
