"SessionID","Configuration Name","Observer","DeviceID","Session Start Time","Session End Time","DateTime","Date","Time","Year","Month","Hour","Project Animals","Duration","Grid Size","Image Size","Notes","Channel Type","Focal Name","Frame Number","Interval Channel 1 Name","Interval Channel 1 Value","Interval Channel 2 Name","Interval Channel 2 Value","Interval Channel 3 Name","Interval Channel 3 Value","Interval Channel 4 Name","Interval Channel 4 Value","Interval Channel 4 Social Modifier","Interval Channel 5 Name","Interval Channel 5 Value","Interval Channel 6 Name","Interval Channel 6 Value","Interval Channel 7 Name","Interval Channel 7 Value","Interval Channel 8 Name","Interval Channel 8 Value","Interval Channel 9 Name","Interval Channel 9 Value","Interval Channel 10 Name","Interval Channel 10 Value"
"445","Elk","Meiyer Torrisi","fec64e9b-ff9b-4fe1-8710-c140662355ed","2019-01-28 16:11:00","2019-01-28 16:26:00","2019-01-28 16:12:00","2019-01-28","16:12:00","2019","1","16","Natasha","15.00","","600x600","","Interval","Natasha","1","Inactive","Alert","","","","","","","","","","","","","","","","","","",""
"445","Elk","Meiyer Torrisi","fec64e9b-ff9b-4fe1-8710-c140662355ed","2019-01-28 16:11:00","2019-01-28 16:26:00","2019-01-28 16:13:00","2019-01-28","16:13:00","2019","1","16","Natasha","15.00","","600x600","","Interval","Natasha","2","Inactive","Alert","","","","","","","","","","","","","","","","","","",""
"445","Elk","Meiyer Torrisi","fec64e9b-ff9b-4fe1-8710-c140662355ed","2019-01-28 16:11:00","2019-01-28 16:26:00","2019-01-28 16:14:00","2019-01-28","16:14:00","2019","1","16","Natasha","15.00","","600x600","","Interval","Natasha","3","","","","","","","","","","","","Exploratory & Feeding","Foraging","","","","","","","",""
"445","Elk","Meiyer Torrisi","fec64e9b-ff9b-4fe1-8710-c140662355ed","2019-01-28 16:11:00","2019-01-28 16:26:00","2019-01-28 16:15:00","2019-01-28","16:15:00","2019","1","16","Natasha","15.00","","600x600","","Interval","Natasha","4","","","","","","","","","","","","Exploratory & Feeding","Foraging","","","","","","","",""
"445","Elk","Meiyer Torrisi","fec64e9b-ff9b-4fe1-8710-c140662355ed","2019-01-28 16:11:00","2019-01-28 16:26:00","2019-01-28 16:16:00","2019-01-28","16:16:00","2019","1","16","Natasha","15.00","","600x600","","Interval","Natasha","5","","","","","","","","","","","","Exploratory & Feeding","Foraging","","","","","","","",""
"445","Elk","Meiyer Torrisi","fec64e9b-ff9b-4fe1-8710-c140662355ed","2019-01-28 16:11:00","2019-01-28 16:26:00","2019-01-28 16:17:00","2019-01-28","16:17:00","2019","1","16","Natasha","15.00","","600x600","","Interval","Natasha","6","","","","","","","","","","","","Exploratory & Feeding","Foraging","","","","","","","",""
"445","Elk","Meiyer Torrisi","fec64e9b-ff9b-4fe1-8710-c140662355ed","2019-01-28 16:11:00","2019-01-28 16:26:00","2019-01-28 16:18:00","2019-01-28","16:18:00","2019","1","16","Natasha","15.00","","600x600","","Interval","Natasha","7","","","","","","","","","","","","Exploratory & Feeding","Foraging","","","","","","","",""
"445","Elk","Meiyer Torrisi","fec64e9b-ff9b-4fe1-8710-c140662355ed","2019-01-28 16:11:00","2019-01-28 16:26:00","2019-01-28 16:19:00","2019-01-28","16:19:00","2019","1","16","Natasha","15.00","","600x600","","Interval","Natasha","8","Inactive","Alert","","","","","","","","","","","","","","","","","","",""
"445","Elk","Meiyer Torrisi","fec64e9b-ff9b-4fe1-8710-c140662355ed","2019-01-28 16:11:00","2019-01-28 16:26:00","2019-01-28 16:20:00","2019-01-28","16:20:00","2019","1","16","Natasha","15.00","","600x600","","Interval","Natasha","9","Inactive","Alert","","","","","","","","","","","","","","","","","","",""
"445","Elk","Meiyer Torrisi","fec64e9b-ff9b-4fe1-8710-c140662355ed","2019-01-28 16:11:00","2019-01-28 16:26:00","2019-01-28 16:21:00","2019-01-28","16:21:00","2019","1","16","Natasha","15.00","","600x600","","Interval","Natasha","10","","","","","","","","","","","","Exploratory & Feeding","Foraging","","","","","","","",""
"445","Elk","Meiyer Torrisi","fec64e9b-ff9b-4fe1-8710-c140662355ed","2019-01-28 16:11:00","2019-01-28 16:26:00","2019-01-28 16:22:00","2019-01-28","16:22:00","2019","1","16","Natasha","15.00","","600x600","","Interval","Natasha","11","Inactive","Alert","","","","","","","","","","","","","","","","","","",""
"445","Elk","Meiyer Torrisi","fec64e9b-ff9b-4fe1-8710-c140662355ed","2019-01-28 16:11:00","2019-01-28 16:26:00","2019-01-28 16:23:00","2019-01-28","16:23:00","2019","1","16","Natasha","15.00","","600x600","","Interval","Natasha","12","","","","","","","","","","","","Exploratory & Feeding","Foraging","","","","","","","",""
"445","Elk","Meiyer Torrisi","fec64e9b-ff9b-4fe1-8710-c140662355ed","2019-01-28 16:11:00","2019-01-28 16:26:00","2019-01-28 16:24:00","2019-01-28","16:24:00","2019","1","16","Natasha","15.00","","600x600","","Interval","Natasha","13","","","","","","","","","","","","Exploratory & Feeding","Foraging","","","","","","","",""
"445","Elk","Meiyer Torrisi","fec64e9b-ff9b-4fe1-8710-c140662355ed","2019-01-28 16:11:00","2019-01-28 16:26:00","2019-01-28 16:25:00","2019-01-28","16:25:00","2019","1","16","Natasha","15.00","","600x600","","Interval","Natasha","14","","","","","","","","","","","","Exploratory & Feeding","Foraging","","","","","","","",""
"445","Elk","Meiyer Torrisi","fec64e9b-ff9b-4fe1-8710-c140662355ed","2019-01-28 16:11:00","2019-01-28 16:26:00","2019-01-28 16:26:00","2019-01-28","16:26:00","2019","1","16","Natasha","15.00","","600x600","","Interval","Natasha","15","","","","","","","","","","","","Exploratory & Feeding","Foraging","","","","","","","",""
"425","Elk","Michaela Sadiarin","664aada0-4976-408a-a13f-3f2629c3b099","2019-02-07 11:46:26","2019-02-07 12:01:26","2019-02-07 11:47:26","2019-02-07","11:47:26","2019","2","11","Natasha","15.00","","600x600","","Interval","Natasha","1","Inactive","Alert","","","","","","","","","","Exploratory & Feeding","Foraging","","","","","","","",""
"425","Elk","Michaela Sadiarin","664aada0-4976-408a-a13f-3f2629c3b099","2019-02-07 11:46:26","2019-02-07 12:01:26","2019-02-07 11:48:26","2019-02-07","11:48:26","2019","2","11","Natasha","15.00","","600x600","","Interval","Natasha","2","Inactive","Alert","","","","","","","","","","Exploratory & Feeding","Foraging","","","","","","","",""
"425","Elk","Michaela Sadiarin","664aada0-4976-408a-a13f-3f2629c3b099","2019-02-07 11:46:26","2019-02-07 12:01:26","2019-02-07 11:49:26","2019-02-07","11:49:26","2019","2","11","Natasha","15.00","","600x600","","Interval","Natasha","3","Inactive","Alert","","","","","","","","","","Exploratory & Feeding","Consumption","","","","","","","",""
"425","Elk","Michaela Sadiarin","664aada0-4976-408a-a13f-3f2629c3b099","2019-02-07 11:46:26","2019-02-07 12:01:26","2019-02-07 11:50:26","2019-02-07","11:50:26","2019","2","11","Natasha","15.00","","600x600","","Interval","Natasha","4","Inactive","Alert","","","","","","","","","","Exploratory & Feeding","Consumption","","","","","","","",""
"425","Elk","Michaela Sadiarin","664aada0-4976-408a-a13f-3f2629c3b099","2019-02-07 11:46:26","2019-02-07 12:01:26","2019-02-07 11:51:26","2019-02-07","11:51:26","2019","2","11","Natasha","15.00","","600x600","","Interval","Natasha","5","Inactive","Alert","","","","","","","","","","Exploratory & Feeding","Consumption","","","","","","","",""
"425","Elk","Michaela Sadiarin","664aada0-4976-408a-a13f-3f2629c3b099","2019-02-07 11:46:26","2019-02-07 12:01:26","2019-02-07 11:52:26","2019-02-07","11:52:26","2019","2","11","Natasha","15.00","","600x600","","Interval","Natasha","6","Inactive","Alert","","","","","","","","","","Exploratory & Feeding","Consumption","","","","","","","",""
"425","Elk","Michaela Sadiarin","664aada0-4976-408a-a13f-3f2629c3b099","2019-02-07 11:46:26","2019-02-07 12:01:26","2019-02-07 11:53:26","2019-02-07","11:53:26","2019","2","11","Natasha","15.00","","600x600","","Interval","Natasha","7","Inactive","Alert","","","","","","","","Maintenance","Grooming","","","","","","","","","",""
"425","Elk","Michaela Sadiarin","664aada0-4976-408a-a13f-3f2629c3b099","2019-02-07 11:46:26","2019-02-07 12:01:26","2019-02-07 11:54:26","2019-02-07","11:54:26","2019","2","11","Natasha","15.00","","600x600","","Interval","Natasha","8","Inactive","Alert","Locomotion","Walking","","","","","","","","","","","","","","Other","Out of view","",""
"425","Elk","Michaela Sadiarin","664aada0-4976-408a-a13f-3f2629c3b099","2019-02-07 11:46:26","2019-02-07 12:01:26","2019-02-07 11:55:26","2019-02-07","11:55:26","2019","2","11","Natasha","15.00","","600x600","","Interval","Natasha","9","Inactive","Alert","Locomotion","Walking","Social","Sniff","","","","","","","","","","","","","","",""
"425","Elk","Michaela Sadiarin","664aada0-4976-408a-a13f-3f2629c3b099","2019-02-07 11:46:26","2019-02-07 12:01:26","2019-02-07 11:56:26","2019-02-07","11:56:26","2019","2","11","Natasha","15.00","","600x600","","Interval","Natasha","10","Inactive","Alert","","","","","","","","","","","","","","","","","","",""
"425","Elk","Michaela Sadiarin","664aada0-4976-408a-a13f-3f2629c3b099","2019-02-07 11:46:26","2019-02-07 12:01:26","2019-02-07 11:57:26","2019-02-07","11:57:26","2019","2","11","Natasha","15.00","","600x600","","Interval","Natasha","11","Inactive","Alert","Locomotion","Walking","Social","Sniff","","","","","","","","","","","","","","",""
"425","Elk","Michaela Sadiarin","664aada0-4976-408a-a13f-3f2629c3b099","2019-02-07 11:46:26","2019-02-07 12:01:26","2019-02-07 11:58:26","2019-02-07","11:58:26","2019","2","11","Natasha","15.00","","600x600","","Interval","Natasha","12","Inactive","Alert","Locomotion","Walking","","","","","","","","","","","","","","","","",""
"425","Elk","Michaela Sadiarin","664aada0-4976-408a-a13f-3f2629c3b099","2019-02-07 11:46:26","2019-02-07 12:01:26","2019-02-07 11:59:26","2019-02-07","11:59:26","2019","2","11","Natasha","15.00","","600x600","","Interval","Natasha","13","","","Locomotion","Walking","","","","","","","","Exploratory & Feeding","Consumption","","","","","","","",""
"425","Elk","Michaela Sadiarin","664aada0-4976-408a-a13f-3f2629c3b099","2019-02-07 11:46:26","2019-02-07 12:01:26","2019-02-07 12:00:26","2019-02-07","12:00:26","2019","2","12","Natasha","15.00","","600x600","","Interval","Natasha","14","Inactive","Alert","","","","","","","","","","Exploratory & Feeding","Consumption","","","","","","","",""
"425","Elk","Michaela Sadiarin","664aada0-4976-408a-a13f-3f2629c3b099","2019-02-07 11:46:26","2019-02-07 12:01:26","","","","","","","Natasha","15.00","","600x600","","Interval","Natasha","15","","","","","","","","","","","","","","","","","","","","",""
"514","Elk","Brittany Merlo","664aada0-4976-408a-a13f-3f2629c3b099","2019-03-11 15:17:09","2019-03-11 15:32:09","2019-03-11 15:18:09","2019-03-11","15:18:09","2019","3","15","Natasha","15.00","","600x600","","Interval","Natasha","1","Inactive","Resting","","","","","","","","","","","","","","","","","","",""
"514","Elk","Brittany Merlo","664aada0-4976-408a-a13f-3f2629c3b099","2019-03-11 15:17:09","2019-03-11 15:32:09","2019-03-11 15:19:09","2019-03-11","15:19:09","2019","3","15","Natasha","15.00","","600x600","","Interval","Natasha","2","Inactive","Resting","","","","","","","","","","","","","","","","","","",""
"514","Elk","Brittany Merlo","664aada0-4976-408a-a13f-3f2629c3b099","2019-03-11 15:17:09","2019-03-11 15:32:09","2019-03-11 15:20:09","2019-03-11","15:20:09","2019","3","15","Natasha","15.00","","600x600","","Interval","Natasha","3","Inactive","Resting","","","","","","","","","","","","","","","","","","",""
"514","Elk","Brittany Merlo","664aada0-4976-408a-a13f-3f2629c3b099","2019-03-11 15:17:09","2019-03-11 15:32:09","2019-03-11 15:21:09","2019-03-11","15:21:09","2019","3","15","Natasha","15.00","","600x600","","Interval","Natasha","4","Inactive","Resting","","","","","","","","","","","","","","","","","","",""
"514","Elk","Brittany Merlo","664aada0-4976-408a-a13f-3f2629c3b099","2019-03-11 15:17:09","2019-03-11 15:32:09","2019-03-11 15:22:09","2019-03-11","15:22:09","2019","3","15","Natasha","15.00","","600x600","","Interval","Natasha","5","Inactive","Resting","","","","","","","","","","","","","","","","","","",""
"514","Elk","Brittany Merlo","664aada0-4976-408a-a13f-3f2629c3b099","2019-03-11 15:17:09","2019-03-11 15:32:09","2019-03-11 15:23:09","2019-03-11","15:23:09","2019","3","15","Natasha","15.00","","600x600","","Interval","Natasha","6","Inactive","Resting","","","","","","","","","","","","","","","","","","",""
"514","Elk","Brittany Merlo","664aada0-4976-408a-a13f-3f2629c3b099","2019-03-11 15:17:09","2019-03-11 15:32:09","2019-03-11 15:24:09","2019-03-11","15:24:09","2019","3","15","Natasha","15.00","","600x600","","Interval","Natasha","7","Inactive","Resting","","","","","","","","","","","","","","","","","","",""
"514","Elk","Brittany Merlo","664aada0-4976-408a-a13f-3f2629c3b099","2019-03-11 15:17:09","2019-03-11 15:32:09","2019-03-11 15:25:09","2019-03-11","15:25:09","2019","3","15","Natasha","15.00","","600x600","","Interval","Natasha","8","Inactive","Resting","","","","","","","","","","","","","","","","","","",""
"514","Elk","Brittany Merlo","664aada0-4976-408a-a13f-3f2629c3b099","2019-03-11 15:17:09","2019-03-11 15:32:09","2019-03-11 15:26:09","2019-03-11","15:26:09","2019","3","15","Natasha","15.00","","600x600","","Interval","Natasha","9","Inactive","Resting","","","","","","","","","","","","","","","","","","",""
"514","Elk","Brittany Merlo","664aada0-4976-408a-a13f-3f2629c3b099","2019-03-11 15:17:09","2019-03-11 15:32:09","2019-03-11 15:27:09","2019-03-11","15:27:09","2019","3","15","Natasha","15.00","","600x600","","Interval","Natasha","10","Inactive","Resting","","","","","","","","","","","","","","","","","","",""
"514","Elk","Brittany Merlo","664aada0-4976-408a-a13f-3f2629c3b099","2019-03-11 15:17:09","2019-03-11 15:32:09","2019-03-11 15:28:09","2019-03-11","15:28:09","2019","3","15","Natasha","15.00","","600x600","","Interval","Natasha","11","Inactive","Resting","","","","","","","","","","","","","","","","","","",""
"514","Elk","Brittany Merlo","664aada0-4976-408a-a13f-3f2629c3b099","2019-03-11 15:17:09","2019-03-11 15:32:09","2019-03-11 15:29:09","2019-03-11","15:29:09","2019","3","15","Natasha","15.00","","600x600","","Interval","Natasha","12","Inactive","Resting","","","","","","","","","","","","","","","","","","",""
"514","Elk","Brittany Merlo","664aada0-4976-408a-a13f-3f2629c3b099","2019-03-11 15:17:09","2019-03-11 15:32:09","2019-03-11 15:30:09","2019-03-11","15:30:09","2019","3","15","Natasha","15.00","","600x600","","Interval","Natasha","13","Inactive","Resting","","","","","","","","","","","","","","","","","","",""
"514","Elk","Brittany Merlo","664aada0-4976-408a-a13f-3f2629c3b099","2019-03-11 15:17:09","2019-03-11 15:32:09","2019-03-11 15:31:09","2019-03-11","15:31:09","2019","3","15","Natasha","15.00","","600x600","","Interval","Natasha","14","Inactive","Resting","","","","","","","","","","","","","","","","","","",""
"514","Elk","Brittany Merlo","664aada0-4976-408a-a13f-3f2629c3b099","2019-03-11 15:17:09","2019-03-11 15:32:09","2019-03-11 15:32:09","2019-03-11","15:32:09","2019","3","15","Natasha","15.00","","600x600","","Interval","Natasha","15","Inactive","Resting","","","","","","","","","","","","","","","","","","",""
"524","Elk","Ashley Bowen","664aada0-4976-408a-a13f-3f2629c3b099","2019-03-23 11:05:08","2019-03-23 11:20:08","2019-03-23 11:06:08","2019-03-23","11:06:08","2019","3","11","Natasha","15.00","","600x600","","Interval","Natasha","1","Inactive","Alert","","","","","","","","","","","","","","","","","","",""
"524","Elk","Ashley Bowen","664aada0-4976-408a-a13f-3f2629c3b099","2019-03-23 11:05:08","2019-03-23 11:20:08","2019-03-23 11:07:08","2019-03-23","11:07:08","2019","3","11","Natasha","15.00","","600x600","","Interval","Natasha","2","Inactive","Alert","","","","","","","","","","","","","","","","","","",""
"524","Elk","Ashley Bowen","664aada0-4976-408a-a13f-3f2629c3b099","2019-03-23 11:05:08","2019-03-23 11:20:08","2019-03-23 11:08:08","2019-03-23","11:08:08","2019","3","11","Natasha","15.00","","600x600","","Interval","Natasha","3","Inactive","Alert","","","","","","","","","","","","","","","","","","",""
"524","Elk","Ashley Bowen","664aada0-4976-408a-a13f-3f2629c3b099","2019-03-23 11:05:08","2019-03-23 11:20:08","2019-03-23 11:09:08","2019-03-23","11:09:08","2019","3","11","Natasha","15.00","","600x600","","Interval","Natasha","4","Inactive","Alert","","","","","","","","","","","","","","","","","","",""
"524","Elk","Ashley Bowen","664aada0-4976-408a-a13f-3f2629c3b099","2019-03-23 11:05:08","2019-03-23 11:20:08","2019-03-23 11:10:08","2019-03-23","11:10:08","2019","3","11","Natasha","15.00","","600x600","","Interval","Natasha","5","Inactive","Alert","Locomotion","Walking","","","","","","","","","","","","","","","","",""
"524","Elk","Ashley Bowen","664aada0-4976-408a-a13f-3f2629c3b099","2019-03-23 11:05:08","2019-03-23 11:20:08","2019-03-23 11:11:08","2019-03-23","11:11:08","2019","3","11","Natasha","15.00","","600x600","","Interval","Natasha","6","Inactive","Alert","","","","","","","","","","Exploratory & Feeding","Consumption","","","","","","","",""
"524","Elk","Ashley Bowen","664aada0-4976-408a-a13f-3f2629c3b099","2019-03-23 11:05:08","2019-03-23 11:20:08","2019-03-23 11:12:08","2019-03-23","11:12:08","2019","3","11","Natasha","15.00","","600x600","","Interval","Natasha","7","","","","","","","","","","","","Exploratory & Feeding","Consumption","","","","","","","",""
"524","Elk","Ashley Bowen","664aada0-4976-408a-a13f-3f2629c3b099","2019-03-23 11:05:08","2019-03-23 11:20:08","2019-03-23 11:13:08","2019-03-23","11:13:08","2019","3","11","Natasha","15.00","","600x600","","Interval","Natasha","8","","","","","","","","","","","","Exploratory & Feeding","Consumption","","","","","","","",""
"524","Elk","Ashley Bowen","664aada0-4976-408a-a13f-3f2629c3b099","2019-03-23 11:05:08","2019-03-23 11:20:08","2019-03-23 11:14:08","2019-03-23","11:14:08","2019","3","11","Natasha","15.00","","600x600","","Interval","Natasha","9","","","","","","","","","","","","Exploratory & Feeding","Consumption","","","","","","","",""
"524","Elk","Ashley Bowen","664aada0-4976-408a-a13f-3f2629c3b099","2019-03-23 11:05:08","2019-03-23 11:20:08","2019-03-23 11:15:08","2019-03-23","11:15:08","2019","3","11","Natasha","15.00","","600x600","","Interval","Natasha","10","","","","","","","","","","","","Exploratory & Feeding","Consumption","","","","","","","",""
"524","Elk","Ashley Bowen","664aada0-4976-408a-a13f-3f2629c3b099","2019-03-23 11:05:08","2019-03-23 11:20:08","2019-03-23 11:16:08","2019-03-23","11:16:08","2019","3","11","Natasha","15.00","","600x600","","Interval","Natasha","11","","","","","","","","","","","","Exploratory & Feeding","Consumption","","","","","","","",""
"524","Elk","Ashley Bowen","664aada0-4976-408a-a13f-3f2629c3b099","2019-03-23 11:05:08","2019-03-23 11:20:08","2019-03-23 11:17:08","2019-03-23","11:17:08","2019","3","11","Natasha","15.00","","600x600","","Interval","Natasha","12","","","","","","","","","","","","Exploratory & Feeding","Consumption","","","","","","","",""
"524","Elk","Ashley Bowen","664aada0-4976-408a-a13f-3f2629c3b099","2019-03-23 11:05:08","2019-03-23 11:20:08","2019-03-23 11:18:08","2019-03-23","11:18:08","2019","3","11","Natasha","15.00","","600x600","","Interval","Natasha","13","","","","","","","","","","","","Exploratory & Feeding","Consumption","","","","","","","",""
"524","Elk","Ashley Bowen","664aada0-4976-408a-a13f-3f2629c3b099","2019-03-23 11:05:08","2019-03-23 11:20:08","2019-03-23 11:19:08","2019-03-23","11:19:08","2019","3","11","Natasha","15.00","","600x600","","Interval","Natasha","14","","","","","","","","","","","","Exploratory & Feeding","Consumption","","","","","","","",""
"524","Elk","Ashley Bowen","664aada0-4976-408a-a13f-3f2629c3b099","2019-03-23 11:05:08","2019-03-23 11:20:08","","","","","","","Natasha","15.00","","600x600","","Interval","Natasha","15","","","","","","","","","","","","","","","","","","","","",""
"554","Elk","Ashley Bowen","664aada0-4976-408a-a13f-3f2629c3b099","2019-03-30 11:04:35","2019-03-30 11:14:13","2019-03-30 11:05:35","2019-03-30","11:05:35","2019","3","11","Natasha","15.00","","600x600","","Interval","Natasha","1","Inactive","Alert","","","","","","","","","","","","","","","","","","",""
"554","Elk","Ashley Bowen","664aada0-4976-408a-a13f-3f2629c3b099","2019-03-30 11:04:35","2019-03-30 11:14:13","2019-03-30 11:06:35","2019-03-30","11:06:35","2019","3","11","Natasha","15.00","","600x600","","Interval","Natasha","2","Inactive","Alert","","","","","","","","","","","","","","","","","","",""
"554","Elk","Ashley Bowen","664aada0-4976-408a-a13f-3f2629c3b099","2019-03-30 11:04:35","2019-03-30 11:14:13","2019-03-30 11:07:35","2019-03-30","11:07:35","2019","3","11","Natasha","15.00","","600x600","","Interval","Natasha","3","Inactive","Alert","","","","","","","","","","","","","","","","","","",""
"554","Elk","Ashley Bowen","664aada0-4976-408a-a13f-3f2629c3b099","2019-03-30 11:04:35","2019-03-30 11:14:13","2019-03-30 11:08:35","2019-03-30","11:08:35","2019","3","11","Natasha","15.00","","600x600","","Interval","Natasha","4","Inactive","Alert","Locomotion","Walking","","","","","","","","","","","","","","","","",""
"554","Elk","Ashley Bowen","664aada0-4976-408a-a13f-3f2629c3b099","2019-03-30 11:04:35","2019-03-30 11:14:13","2019-03-30 11:09:35","2019-03-30","11:09:35","2019","3","11","Natasha","15.00","","600x600","","Interval","Natasha","5","Inactive","Alert","","","","","","","","","","","","","","","","","","",""
"554","Elk","Ashley Bowen","664aada0-4976-408a-a13f-3f2629c3b099","2019-03-30 11:04:35","2019-03-30 11:14:13","2019-03-30 11:10:35","2019-03-30","11:10:35","2019","3","11","Natasha","15.00","","600x600","","Interval","Natasha","6","Inactive","Alert","Locomotion","Walking","","","","","","","","","","","","","","","","",""
"554","Elk","Ashley Bowen","664aada0-4976-408a-a13f-3f2629c3b099","2019-03-30 11:04:35","2019-03-30 11:14:13","2019-03-30 11:11:35","2019-03-30","11:11:35","2019","3","11","Natasha","15.00","","600x600","","Interval","Natasha","7","Inactive","Alert","Locomotion","Walking","","","","","","","","","","","","","","","","",""
"554","Elk","Ashley Bowen","664aada0-4976-408a-a13f-3f2629c3b099","2019-03-30 11:04:35","2019-03-30 11:14:13","2019-03-30 11:12:35","2019-03-30","11:12:35","2019","3","11","Natasha","15.00","","600x600","","Interval","Natasha","8","Inactive","Alert","","","","","","","","","","","","","","","","","","",""
"554","Elk","Ashley Bowen","664aada0-4976-408a-a13f-3f2629c3b099","2019-03-30 11:04:35","2019-03-30 11:14:13","2019-03-30 11:13:35","2019-03-30","11:13:35","2019","3","11","Natasha","15.00","","600x600","","Interval","Natasha","9","Inactive","Alert","Locomotion","Walking","","","","","","","","","","","","","","","","",""
"615","Elk","Ashley Bowen","664aada0-4976-408a-a13f-3f2629c3b099","2019-04-20 10:49:02","2019-04-20 11:04:02","2019-04-20 10:50:02","2019-04-20","10:50:02","2019","4","10","Natasha","15.00","","600x600","","Interval","Natasha","1","Inactive","Resting","","","","","","","","","","","","","","","","","","",""
"615","Elk","Ashley Bowen","664aada0-4976-408a-a13f-3f2629c3b099","2019-04-20 10:49:02","2019-04-20 11:04:02","2019-04-20 10:51:02","2019-04-20","10:51:02","2019","4","10","Natasha","15.00","","600x600","","Interval","Natasha","2","Inactive","Resting","","","","","","","","","","","","","","","","","","",""
"615","Elk","Ashley Bowen","664aada0-4976-408a-a13f-3f2629c3b099","2019-04-20 10:49:02","2019-04-20 11:04:02","2019-04-20 10:52:02","2019-04-20","10:52:02","2019","4","10","Natasha","15.00","","600x600","","Interval","Natasha","3","Inactive","Resting","","","","","","","","","","","","","","","","Other","Other","",""
"615","Elk","Ashley Bowen","664aada0-4976-408a-a13f-3f2629c3b099","2019-04-20 10:49:02","2019-04-20 11:04:02","2019-04-20 10:53:02","2019-04-20","10:53:02","2019","4","10","Natasha","15.00","","600x600","","Interval","Natasha","4","","","","","","","","","","","","","","","","","","Other","Other","",""
"615","Elk","Ashley Bowen","664aada0-4976-408a-a13f-3f2629c3b099","2019-04-20 10:49:02","2019-04-20 11:04:02","2019-04-20 10:54:02","2019-04-20","10:54:02","2019","4","10","Natasha","15.00","","600x600","","Interval","Natasha","5","","","","","","","","","","","","","","","","","","Other","Other","",""
"615","Elk","Ashley Bowen","664aada0-4976-408a-a13f-3f2629c3b099","2019-04-20 10:49:02","2019-04-20 11:04:02","2019-04-20 10:55:02","2019-04-20","10:55:02","2019","4","10","Natasha","15.00","","600x600","","Interval","Natasha","6","","","","","","","","","","","","","","","","","","Other","Other","",""
"615","Elk","Ashley Bowen","664aada0-4976-408a-a13f-3f2629c3b099","2019-04-20 10:49:02","2019-04-20 11:04:02","2019-04-20 10:56:02","2019-04-20","10:56:02","2019","4","10","Natasha","15.00","","600x600","","Interval","Natasha","7","","","","","","","","","","","","","","","","","","Other","Other","",""
"615","Elk","Ashley Bowen","664aada0-4976-408a-a13f-3f2629c3b099","2019-04-20 10:49:02","2019-04-20 11:04:02","2019-04-20 10:57:02","2019-04-20","10:57:02","2019","4","10","Natasha","15.00","","600x600","","Interval","Natasha","8","","","","","","","","","","","","","","","","","","Other","Other","",""
"615","Elk","Ashley Bowen","664aada0-4976-408a-a13f-3f2629c3b099","2019-04-20 10:49:02","2019-04-20 11:04:02","2019-04-20 10:58:02","2019-04-20","10:58:02","2019","4","10","Natasha","15.00","","600x600","","Interval","Natasha","9","","","","","","","","","","","","","","","","","","Other","Other","",""
"615","Elk","Ashley Bowen","664aada0-4976-408a-a13f-3f2629c3b099","2019-04-20 10:49:02","2019-04-20 11:04:02","2019-04-20 10:59:02","2019-04-20","10:59:02","2019","4","10","Natasha","15.00","","600x600","","Interval","Natasha","10","Inactive","Resting","","","","","","","","","","","","","","","","Other","Other","",""
"615","Elk","Ashley Bowen","664aada0-4976-408a-a13f-3f2629c3b099","2019-04-20 10:49:02","2019-04-20 11:04:02","2019-04-20 11:00:02","2019-04-20","11:00:02","2019","4","11","Natasha","15.00","","600x600","","Interval","Natasha","11","","","","","","","","","","","","","","","","","","Other","Other","",""
"615","Elk","Ashley Bowen","664aada0-4976-408a-a13f-3f2629c3b099","2019-04-20 10:49:02","2019-04-20 11:04:02","2019-04-20 11:01:02","2019-04-20","11:01:02","2019","4","11","Natasha","15.00","","600x600","","Interval","Natasha","12","","","","","","","","","","","","","","","","","","Other","Other","",""
"615","Elk","Ashley Bowen","664aada0-4976-408a-a13f-3f2629c3b099","2019-04-20 10:49:02","2019-04-20 11:04:02","2019-04-20 11:02:02","2019-04-20","11:02:02","2019","4","11","Natasha","15.00","","600x600","","Interval","Natasha","13","","","","","","","","","","","","","","","","","","Other","Other","",""
"615","Elk","Ashley Bowen","664aada0-4976-408a-a13f-3f2629c3b099","2019-04-20 10:49:02","2019-04-20 11:04:02","2019-04-20 11:03:02","2019-04-20","11:03:02","2019","4","11","Natasha","15.00","","600x600","","Interval","Natasha","14","","","","","","","","","","","","","","","","","","Other","Other","",""
"615","Elk","Ashley Bowen","664aada0-4976-408a-a13f-3f2629c3b099","2019-04-20 10:49:02","2019-04-20 11:04:02","","","","","","","Natasha","15.00","","600x600","","Interval","Natasha","15","","","","","","","","","","","","","","","","","","","","",""
"620","Elk","Ashley Bowen","664aada0-4976-408a-a13f-3f2629c3b099","2019-04-20 14:08:07","2019-04-20 14:23:07","2019-04-20 14:09:07","2019-04-20","14:09:07","2019","4","14","Natasha","15.00","","600x600","","Interval","Natasha","1","Inactive","Resting","","","","","","","","","","","","","","","","","","",""
"620","Elk","Ashley Bowen","664aada0-4976-408a-a13f-3f2629c3b099","2019-04-20 14:08:07","2019-04-20 14:23:07","2019-04-20 14:10:07","2019-04-20","14:10:07","2019","4","14","Natasha","15.00","","600x600","","Interval","Natasha","2","Inactive","Resting","","","","","","","","","","","","","","","","","","",""
"620","Elk","Ashley Bowen","664aada0-4976-408a-a13f-3f2629c3b099","2019-04-20 14:08:07","2019-04-20 14:23:07","2019-04-20 14:11:07","2019-04-20","14:11:07","2019","4","14","Natasha","15.00","","600x600","","Interval","Natasha","3","Inactive","Resting","","","","","","","","","","","","","","","","","","",""
"620","Elk","Ashley Bowen","664aada0-4976-408a-a13f-3f2629c3b099","2019-04-20 14:08:07","2019-04-20 14:23:07","2019-04-20 14:12:07","2019-04-20","14:12:07","2019","4","14","Natasha","15.00","","600x600","","Interval","Natasha","4","Inactive","Resting","","","","","","","","","","","","","","","","","","",""
"620","Elk","Ashley Bowen","664aada0-4976-408a-a13f-3f2629c3b099","2019-04-20 14:08:07","2019-04-20 14:23:07","2019-04-20 14:13:07","2019-04-20","14:13:07","2019","4","14","Natasha","15.00","","600x600","","Interval","Natasha","5","Inactive","Resting","","","","","","","","","","","","","","","","","","",""
"620","Elk","Ashley Bowen","664aada0-4976-408a-a13f-3f2629c3b099","2019-04-20 14:08:07","2019-04-20 14:23:07","2019-04-20 14:14:07","2019-04-20","14:14:07","2019","4","14","Natasha","15.00","","600x600","","Interval","Natasha","6","Inactive","Resting","","","","","","","","","","","","","","","","","","",""
"620","Elk","Ashley Bowen","664aada0-4976-408a-a13f-3f2629c3b099","2019-04-20 14:08:07","2019-04-20 14:23:07","2019-04-20 14:15:07","2019-04-20","14:15:07","2019","4","14","Natasha","15.00","","600x600","","Interval","Natasha","7","Inactive","Resting","","","","","","","","","","","","","","","","","","",""
"620","Elk","Ashley Bowen","664aada0-4976-408a-a13f-3f2629c3b099","2019-04-20 14:08:07","2019-04-20 14:23:07","2019-04-20 14:16:07","2019-04-20","14:16:07","2019","4","14","Natasha","15.00","","600x600","","Interval","Natasha","8","Inactive","Resting","","","","","","","","","","","","","","","","","","",""
"620","Elk","Ashley Bowen","664aada0-4976-408a-a13f-3f2629c3b099","2019-04-20 14:08:07","2019-04-20 14:23:07","2019-04-20 14:17:07","2019-04-20","14:17:07","2019","4","14","Natasha","15.00","","600x600","","Interval","Natasha","9","Inactive","Resting","","","","","","","","","","","","","","","","","","",""
"620","Elk","Ashley Bowen","664aada0-4976-408a-a13f-3f2629c3b099","2019-04-20 14:08:07","2019-04-20 14:23:07","2019-04-20 14:18:07","2019-04-20","14:18:07","2019","4","14","Natasha","15.00","","600x600","","Interval","Natasha","10","Inactive","Resting","","","","","","","","","","","","","","","","","","",""
"620","Elk","Ashley Bowen","664aada0-4976-408a-a13f-3f2629c3b099","2019-04-20 14:08:07","2019-04-20 14:23:07","2019-04-20 14:19:07","2019-04-20","14:19:07","2019","4","14","Natasha","15.00","","600x600","","Interval","Natasha","11","Inactive","Resting","","","","","","","","","","","","","","","","","","",""
"620","Elk","Ashley Bowen","664aada0-4976-408a-a13f-3f2629c3b099","2019-04-20 14:08:07","2019-04-20 14:23:07","2019-04-20 14:20:07","2019-04-20","14:20:07","2019","4","14","Natasha","15.00","","600x600","","Interval","Natasha","12","Inactive","Resting","","","","","","","","","","","","","","","","","","",""
"620","Elk","Ashley Bowen","664aada0-4976-408a-a13f-3f2629c3b099","2019-04-20 14:08:07","2019-04-20 14:23:07","2019-04-20 14:21:07","2019-04-20","14:21:07","2019","4","14","Natasha","15.00","","600x600","","Interval","Natasha","13","","","Locomotion","Walking","","","","","","","","","","","","","","","","",""
"620","Elk","Ashley Bowen","664aada0-4976-408a-a13f-3f2629c3b099","2019-04-20 14:08:07","2019-04-20 14:23:07","2019-04-20 14:22:07","2019-04-20","14:22:07","2019","4","14","Natasha","15.00","","600x600","","Interval","Natasha","14","","","Locomotion","Walking","","","","","","","","","","","","","","","","",""
"620","Elk","Ashley Bowen","664aada0-4976-408a-a13f-3f2629c3b099","2019-04-20 14:08:07","2019-04-20 14:23:07","2019-04-20 14:23:07","2019-04-20","14:23:07","2019","4","14","Natasha","15.00","","600x600","","Interval","Natasha","15","","","Locomotion","Walking","","","","","","","","","","","","","","","","",""
"627","Elk","Ashley Bowen","664aada0-4976-408a-a13f-3f2629c3b099","2019-04-27 10:26:18","2019-04-27 10:41:18","2019-04-27 10:27:18","2019-04-27","10:27:18","2019","4","10","Natasha","15.00","","600x600","","Interval","Natasha","1","Inactive","Resting","","","","","","","","","","","","","","","","","","",""
"627","Elk","Ashley Bowen","664aada0-4976-408a-a13f-3f2629c3b099","2019-04-27 10:26:18","2019-04-27 10:41:18","2019-04-27 10:28:18","2019-04-27","10:28:18","2019","4","10","Natasha","15.00","","600x600","","Interval","Natasha","2","Inactive","Resting","","","","","","","","","","","","","","","","","","",""
"627","Elk","Ashley Bowen","664aada0-4976-408a-a13f-3f2629c3b099","2019-04-27 10:26:18","2019-04-27 10:41:18","2019-04-27 10:29:18","2019-04-27","10:29:18","2019","4","10","Natasha","15.00","","600x600","","Interval","Natasha","3","Inactive","Resting","","","","","","","","","","","","","","","","","","",""
"627","Elk","Ashley Bowen","664aada0-4976-408a-a13f-3f2629c3b099","2019-04-27 10:26:18","2019-04-27 10:41:18","2019-04-27 10:30:18","2019-04-27","10:30:18","2019","4","10","Natasha","15.00","","600x600","","Interval","Natasha","4","Inactive","Resting","","","","","","","","","","","","","","","","","","",""
"627","Elk","Ashley Bowen","664aada0-4976-408a-a13f-3f2629c3b099","2019-04-27 10:26:18","2019-04-27 10:41:18","2019-04-27 10:31:18","2019-04-27","10:31:18","2019","4","10","Natasha","15.00","","600x600","","Interval","Natasha","5","Inactive","Resting","","","","","","","","","","","","","","","","","","",""
"627","Elk","Ashley Bowen","664aada0-4976-408a-a13f-3f2629c3b099","2019-04-27 10:26:18","2019-04-27 10:41:18","2019-04-27 10:32:18","2019-04-27","10:32:18","2019","4","10","Natasha","15.00","","600x600","","Interval","Natasha","6","Inactive","Resting","","","","","","","","","","","","","","","","","","",""
"627","Elk","Ashley Bowen","664aada0-4976-408a-a13f-3f2629c3b099","2019-04-27 10:26:18","2019-04-27 10:41:18","2019-04-27 10:33:18","2019-04-27","10:33:18","2019","4","10","Natasha","15.00","","600x600","","Interval","Natasha","7","Inactive","Resting","","","","","","","","","","","","","","","","","","",""
"627","Elk","Ashley Bowen","664aada0-4976-408a-a13f-3f2629c3b099","2019-04-27 10:26:18","2019-04-27 10:41:18","2019-04-27 10:34:18","2019-04-27","10:34:18","2019","4","10","Natasha","15.00","","600x600","","Interval","Natasha","8","Inactive","Resting","","","","","","","","","","","","","","","","","","",""
"627","Elk","Ashley Bowen","664aada0-4976-408a-a13f-3f2629c3b099","2019-04-27 10:26:18","2019-04-27 10:41:18","2019-04-27 10:35:18","2019-04-27","10:35:18","2019","4","10","Natasha","15.00","","600x600","","Interval","Natasha","9","Inactive","Resting","","","","","","","","","","","","","","","","","","",""
"627","Elk","Ashley Bowen","664aada0-4976-408a-a13f-3f2629c3b099","2019-04-27 10:26:18","2019-04-27 10:41:18","2019-04-27 10:36:18","2019-04-27","10:36:18","2019","4","10","Natasha","15.00","","600x600","","Interval","Natasha","10","Inactive","Resting","","","","","","","","","","","","","","","","","","",""
"627","Elk","Ashley Bowen","664aada0-4976-408a-a13f-3f2629c3b099","2019-04-27 10:26:18","2019-04-27 10:41:18","2019-04-27 10:37:18","2019-04-27","10:37:18","2019","4","10","Natasha","15.00","","600x600","","Interval","Natasha","11","Inactive","Resting","","","","","","","","","","","","","","","","","","",""
"627","Elk","Ashley Bowen","664aada0-4976-408a-a13f-3f2629c3b099","2019-04-27 10:26:18","2019-04-27 10:41:18","2019-04-27 10:38:18","2019-04-27","10:38:18","2019","4","10","Natasha","15.00","","600x600","","Interval","Natasha","12","Inactive","Resting","","","","","","","","","","","","","","","","","","",""
"627","Elk","Ashley Bowen","664aada0-4976-408a-a13f-3f2629c3b099","2019-04-27 10:26:18","2019-04-27 10:41:18","2019-04-27 10:39:18","2019-04-27","10:39:18","2019","4","10","Natasha","15.00","","600x600","","Interval","Natasha","13","Inactive","Resting","","","","","","","","","","","","","","","","","","",""
"627","Elk","Ashley Bowen","664aada0-4976-408a-a13f-3f2629c3b099","2019-04-27 10:26:18","2019-04-27 10:41:18","2019-04-27 10:40:18","2019-04-27","10:40:18","2019","4","10","Natasha","15.00","","600x600","","Interval","Natasha","14","Inactive","Resting","","","","","","","","","","","","","","","","","","",""
"627","Elk","Ashley Bowen","664aada0-4976-408a-a13f-3f2629c3b099","2019-04-27 10:26:18","2019-04-27 10:41:18","","","","","","","Natasha","15.00","","600x600","","Interval","Natasha","15","","","","","","","","","","","","","","","","","","","","",""
"655","Elk","Ashley Bowen","664aada0-4976-408a-a13f-3f2629c3b099","2019-05-04 10:31:58","2019-05-04 10:46:58","2019-05-04 10:32:58","2019-05-04","10:32:58","2019","5","10","Natasha","15.00","","600x600","","Interval","Natasha","1","Inactive","Resting","","","","","","","","","","","","","","","","","","",""
"655","Elk","Ashley Bowen","664aada0-4976-408a-a13f-3f2629c3b099","2019-05-04 10:31:58","2019-05-04 10:46:58","2019-05-04 10:33:58","2019-05-04","10:33:58","2019","5","10","Natasha","15.00","","600x600","","Interval","Natasha","2","Inactive","Resting","","","","","","","","","","","","","","","","","","",""
"655","Elk","Ashley Bowen","664aada0-4976-408a-a13f-3f2629c3b099","2019-05-04 10:31:58","2019-05-04 10:46:58","2019-05-04 10:34:58","2019-05-04","10:34:58","2019","5","10","Natasha","15.00","","600x600","","Interval","Natasha","3","Inactive","Resting","","","","","","","","","","","","","","","","","","",""
"655","Elk","Ashley Bowen","664aada0-4976-408a-a13f-3f2629c3b099","2019-05-04 10:31:58","2019-05-04 10:46:58","2019-05-04 10:35:58","2019-05-04","10:35:58","2019","5","10","Natasha","15.00","","600x600","","Interval","Natasha","4","Inactive","Resting","","","","","","","","","","","","","","","","","","",""
"655","Elk","Ashley Bowen","664aada0-4976-408a-a13f-3f2629c3b099","2019-05-04 10:31:58","2019-05-04 10:46:58","2019-05-04 10:36:58","2019-05-04","10:36:58","2019","5","10","Natasha","15.00","","600x600","","Interval","Natasha","5","Inactive","Resting","","","","","","","","","","","","","","","","","","",""
"655","Elk","Ashley Bowen","664aada0-4976-408a-a13f-3f2629c3b099","2019-05-04 10:31:58","2019-05-04 10:46:58","2019-05-04 10:37:58","2019-05-04","10:37:58","2019","5","10","Natasha","15.00","","600x600","","Interval","Natasha","6","Inactive","Resting","","","","","","","","","","","","","","","","","","",""
"655","Elk","Ashley Bowen","664aada0-4976-408a-a13f-3f2629c3b099","2019-05-04 10:31:58","2019-05-04 10:46:58","2019-05-04 10:38:58","2019-05-04","10:38:58","2019","5","10","Natasha","15.00","","600x600","","Interval","Natasha","7","Inactive","Resting","","","","","","","","","","","","","","","","","","",""
"655","Elk","Ashley Bowen","664aada0-4976-408a-a13f-3f2629c3b099","2019-05-04 10:31:58","2019-05-04 10:46:58","2019-05-04 10:39:58","2019-05-04","10:39:58","2019","5","10","Natasha","15.00","","600x600","","Interval","Natasha","8","Inactive","Resting","","","","","","","","","","","","","","","","","","",""
"655","Elk","Ashley Bowen","664aada0-4976-408a-a13f-3f2629c3b099","2019-05-04 10:31:58","2019-05-04 10:46:58","2019-05-04 10:40:58","2019-05-04","10:40:58","2019","5","10","Natasha","15.00","","600x600","","Interval","Natasha","9","Inactive","Resting","","","","","","","","","","","","","","","","","","",""
"655","Elk","Ashley Bowen","664aada0-4976-408a-a13f-3f2629c3b099","2019-05-04 10:31:58","2019-05-04 10:46:58","2019-05-04 10:41:58","2019-05-04","10:41:58","2019","5","10","Natasha","15.00","","600x600","","Interval","Natasha","10","Inactive","Resting","","","","","","","","","","","","","","","","","","",""
"655","Elk","Ashley Bowen","664aada0-4976-408a-a13f-3f2629c3b099","2019-05-04 10:31:58","2019-05-04 10:46:58","2019-05-04 10:42:58","2019-05-04","10:42:58","2019","5","10","Natasha","15.00","","600x600","","Interval","Natasha","11","Inactive","Resting","","","","","","","","","","","","","","","","","","",""
"655","Elk","Ashley Bowen","664aada0-4976-408a-a13f-3f2629c3b099","2019-05-04 10:31:58","2019-05-04 10:46:58","2019-05-04 10:43:58","2019-05-04","10:43:58","2019","5","10","Natasha","15.00","","600x600","","Interval","Natasha","12","Inactive","Resting","","","","","","","","","","","","","","","","","","",""
"655","Elk","Ashley Bowen","664aada0-4976-408a-a13f-3f2629c3b099","2019-05-04 10:31:58","2019-05-04 10:46:58","2019-05-04 10:44:58","2019-05-04","10:44:58","2019","5","10","Natasha","15.00","","600x600","","Interval","Natasha","13","Inactive","Resting","","","","","","","","","","","","","","","","","","",""
"655","Elk","Ashley Bowen","664aada0-4976-408a-a13f-3f2629c3b099","2019-05-04 10:31:58","2019-05-04 10:46:58","2019-05-04 10:45:58","2019-05-04","10:45:58","2019","5","10","Natasha","15.00","","600x600","","Interval","Natasha","14","Inactive","Resting","","","","","","","","","","","","","","","","","","",""
"655","Elk","Ashley Bowen","664aada0-4976-408a-a13f-3f2629c3b099","2019-05-04 10:31:58","2019-05-04 10:46:58","","","","","","","Natasha","15.00","","600x600","","Interval","Natasha","15","","","","","","","","","","","","","","","","","","","","",""
"898","Elk","Ashley Bowen","664aada0-4976-408a-a13f-3f2629c3b099","2019-07-06 10:33:37","2019-07-06 10:48:37","2019-07-06 10:34:37","2019-07-06","10:34:37","2019","7","10","Natasha","15.00","","600x600","","Interval","Natasha","1","Inactive","Resting","","","","","","","","","","","","","","","","","","",""
"898","Elk","Ashley Bowen","664aada0-4976-408a-a13f-3f2629c3b099","2019-07-06 10:33:37","2019-07-06 10:48:37","2019-07-06 10:35:37","2019-07-06","10:35:37","2019","7","10","Natasha","15.00","","600x600","","Interval","Natasha","2","Inactive","Resting","","","","","","","","","","","","","","","","","","",""
"898","Elk","Ashley Bowen","664aada0-4976-408a-a13f-3f2629c3b099","2019-07-06 10:33:37","2019-07-06 10:48:37","2019-07-06 10:36:37","2019-07-06","10:36:37","2019","7","10","Natasha","15.00","","600x600","","Interval","Natasha","3","Inactive","Resting","","","","","","","","","","","","","","","","","","",""
"898","Elk","Ashley Bowen","664aada0-4976-408a-a13f-3f2629c3b099","2019-07-06 10:33:37","2019-07-06 10:48:37","2019-07-06 10:37:37","2019-07-06","10:37:37","2019","7","10","Natasha","15.00","","600x600","","Interval","Natasha","4","Inactive","Resting","","","","","","","","","","","","","","","","","","",""
"898","Elk","Ashley Bowen","664aada0-4976-408a-a13f-3f2629c3b099","2019-07-06 10:33:37","2019-07-06 10:48:37","2019-07-06 10:38:37","2019-07-06","10:38:37","2019","7","10","Natasha","15.00","","600x600","","Interval","Natasha","5","Inactive","Resting","","","","","","","","","","","","","","","","","","",""
"898","Elk","Ashley Bowen","664aada0-4976-408a-a13f-3f2629c3b099","2019-07-06 10:33:37","2019-07-06 10:48:37","2019-07-06 10:39:37","2019-07-06","10:39:37","2019","7","10","Natasha","15.00","","600x600","","Interval","Natasha","6","Inactive","Resting","","","","","","","","","","","","","","","","","","",""
"898","Elk","Ashley Bowen","664aada0-4976-408a-a13f-3f2629c3b099","2019-07-06 10:33:37","2019-07-06 10:48:37","2019-07-06 10:40:37","2019-07-06","10:40:37","2019","7","10","Natasha","15.00","","600x600","","Interval","Natasha","7","Inactive","Resting","","","","","","","","","","","","","","","","","","",""
"898","Elk","Ashley Bowen","664aada0-4976-408a-a13f-3f2629c3b099","2019-07-06 10:33:37","2019-07-06 10:48:37","2019-07-06 10:41:37","2019-07-06","10:41:37","2019","7","10","Natasha","15.00","","600x600","","Interval","Natasha","8","Inactive","Resting","","","","","","","","","","","","","","","","","","",""
"898","Elk","Ashley Bowen","664aada0-4976-408a-a13f-3f2629c3b099","2019-07-06 10:33:37","2019-07-06 10:48:37","2019-07-06 10:42:37","2019-07-06","10:42:37","2019","7","10","Natasha","15.00","","600x600","","Interval","Natasha","9","Inactive","Resting","","","","","","","","","","","","","","","","","","",""
"898","Elk","Ashley Bowen","664aada0-4976-408a-a13f-3f2629c3b099","2019-07-06 10:33:37","2019-07-06 10:48:37","2019-07-06 10:43:37","2019-07-06","10:43:37","2019","7","10","Natasha","15.00","","600x600","","Interval","Natasha","10","Inactive","Resting","","","","","","","","","","","","","","","","","","",""
"898","Elk","Ashley Bowen","664aada0-4976-408a-a13f-3f2629c3b099","2019-07-06 10:33:37","2019-07-06 10:48:37","2019-07-06 10:44:37","2019-07-06","10:44:37","2019","7","10","Natasha","15.00","","600x600","","Interval","Natasha","11","Inactive","Resting","","","","","","","","","","","","","","","","","","",""
"898","Elk","Ashley Bowen","664aada0-4976-408a-a13f-3f2629c3b099","2019-07-06 10:33:37","2019-07-06 10:48:37","2019-07-06 10:45:37","2019-07-06","10:45:37","2019","7","10","Natasha","15.00","","600x600","","Interval","Natasha","12","","","Locomotion","Walking","","","","","","","","","","","","","","","","",""
"898","Elk","Ashley Bowen","664aada0-4976-408a-a13f-3f2629c3b099","2019-07-06 10:33:37","2019-07-06 10:48:37","2019-07-06 10:46:37","2019-07-06","10:46:37","2019","7","10","Natasha","15.00","","600x600","","Interval","Natasha","13","Inactive","Resting","","","","","","","","","","","","","","","","","","",""
"898","Elk","Ashley Bowen","664aada0-4976-408a-a13f-3f2629c3b099","2019-07-06 10:33:37","2019-07-06 10:48:37","2019-07-06 10:47:37","2019-07-06","10:47:37","2019","7","10","Natasha","15.00","","600x600","","Interval","Natasha","14","","","Locomotion","Walking","","","","","","","","","","","","","","","","",""
"898","Elk","Ashley Bowen","664aada0-4976-408a-a13f-3f2629c3b099","2019-07-06 10:33:37","2019-07-06 10:48:37","","","","","","","Natasha","15.00","","600x600","","Interval","Natasha","15","","","","","","","","","","","","","","","","","","","","",""
"920","Elk","Ashley Bowen","664aada0-4976-408a-a13f-3f2629c3b099","2019-07-13 10:43:21","2019-07-13 10:58:21","2019-07-13 10:44:21","2019-07-13","10:44:21","2019","7","10","Natasha","15.00","","600x600","","Interval","Natasha","1","Inactive","Resting","","","","","","","","","","","","","","","","","","",""
"920","Elk","Ashley Bowen","664aada0-4976-408a-a13f-3f2629c3b099","2019-07-13 10:43:21","2019-07-13 10:58:21","2019-07-13 10:45:21","2019-07-13","10:45:21","2019","7","10","Natasha","15.00","","600x600","","Interval","Natasha","2","Inactive","Resting","","","","","","","","","","","","","","","","","","",""
"920","Elk","Ashley Bowen","664aada0-4976-408a-a13f-3f2629c3b099","2019-07-13 10:43:21","2019-07-13 10:58:21","2019-07-13 10:46:21","2019-07-13","10:46:21","2019","7","10","Natasha","15.00","","600x600","","Interval","Natasha","3","Inactive","Resting","","","","","","","","","","","","","","","","","","",""
"920","Elk","Ashley Bowen","664aada0-4976-408a-a13f-3f2629c3b099","2019-07-13 10:43:21","2019-07-13 10:58:21","2019-07-13 10:47:21","2019-07-13","10:47:21","2019","7","10","Natasha","15.00","","600x600","","Interval","Natasha","4","Inactive","Resting","","","","","","","","","","","","","","","","","","",""
"920","Elk","Ashley Bowen","664aada0-4976-408a-a13f-3f2629c3b099","2019-07-13 10:43:21","2019-07-13 10:58:21","2019-07-13 10:48:21","2019-07-13","10:48:21","2019","7","10","Natasha","15.00","","600x600","","Interval","Natasha","5","Inactive","Resting","","","","","","","","","","","","","","","","","","",""
"920","Elk","Ashley Bowen","664aada0-4976-408a-a13f-3f2629c3b099","2019-07-13 10:43:21","2019-07-13 10:58:21","2019-07-13 10:49:21","2019-07-13","10:49:21","2019","7","10","Natasha","15.00","","600x600","","Interval","Natasha","6","Inactive","Resting","","","","","","","","","","","","","","","","","","",""
"920","Elk","Ashley Bowen","664aada0-4976-408a-a13f-3f2629c3b099","2019-07-13 10:43:21","2019-07-13 10:58:21","2019-07-13 10:50:21","2019-07-13","10:50:21","2019","7","10","Natasha","15.00","","600x600","","Interval","Natasha","7","Inactive","Resting","","","","","","","","","","","","","","","","","","",""
"920","Elk","Ashley Bowen","664aada0-4976-408a-a13f-3f2629c3b099","2019-07-13 10:43:21","2019-07-13 10:58:21","2019-07-13 10:51:21","2019-07-13","10:51:21","2019","7","10","Natasha","15.00","","600x600","","Interval","Natasha","8","Inactive","Resting","","","","","","","","","","","","","","","","","","",""
"920","Elk","Ashley Bowen","664aada0-4976-408a-a13f-3f2629c3b099","2019-07-13 10:43:21","2019-07-13 10:58:21","2019-07-13 10:52:21","2019-07-13","10:52:21","2019","7","10","Natasha","15.00","","600x600","","Interval","Natasha","9","Inactive","Resting","","","","","","","","","","","","","","","","","","",""
"920","Elk","Ashley Bowen","664aada0-4976-408a-a13f-3f2629c3b099","2019-07-13 10:43:21","2019-07-13 10:58:21","2019-07-13 10:53:21","2019-07-13","10:53:21","2019","7","10","Natasha","15.00","","600x600","","Interval","Natasha","10","Inactive","Resting","","","","","","","","","","","","","","","","","","",""
"920","Elk","Ashley Bowen","664aada0-4976-408a-a13f-3f2629c3b099","2019-07-13 10:43:21","2019-07-13 10:58:21","2019-07-13 10:54:21","2019-07-13","10:54:21","2019","7","10","Natasha","15.00","","600x600","","Interval","Natasha","11","Inactive","Resting","","","","","","","","","","","","","","","","","","",""
"920","Elk","Ashley Bowen","664aada0-4976-408a-a13f-3f2629c3b099","2019-07-13 10:43:21","2019-07-13 10:58:21","2019-07-13 10:55:21","2019-07-13","10:55:21","2019","7","10","Natasha","15.00","","600x600","","Interval","Natasha","12","Inactive","Resting","","","","","","","","","","","","","","","","","","",""
"920","Elk","Ashley Bowen","664aada0-4976-408a-a13f-3f2629c3b099","2019-07-13 10:43:21","2019-07-13 10:58:21","2019-07-13 10:56:21","2019-07-13","10:56:21","2019","7","10","Natasha","15.00","","600x600","","Interval","Natasha","13","Inactive","Resting","","","","","","","","","","","","","","","","","","",""
"920","Elk","Ashley Bowen","664aada0-4976-408a-a13f-3f2629c3b099","2019-07-13 10:43:21","2019-07-13 10:58:21","2019-07-13 10:57:21","2019-07-13","10:57:21","2019","7","10","Natasha","15.00","","600x600","","Interval","Natasha","14","Inactive","Resting","","","","","","","","","","","","","","","","","","",""
"920","Elk","Ashley Bowen","664aada0-4976-408a-a13f-3f2629c3b099","2019-07-13 10:43:21","2019-07-13 10:58:21","","","","","","","Natasha","15.00","","600x600","","Interval","Natasha","15","","","","","","","","","","","","","","","","","","","","",""
"1154","Elk","Ashley Bowen","664aada0-4976-408a-a13f-3f2629c3b099","2019-08-03 09:41:43","2019-08-03 09:56:43","2019-08-03 09:42:43","2019-08-03","09:42:43","2019","8","9","Natasha","15.00","","600x600","","Interval","Natasha","1","Inactive","Resting","","","","","","","","","","","","","","","","","","",""
"1154","Elk","Ashley Bowen","664aada0-4976-408a-a13f-3f2629c3b099","2019-08-03 09:41:43","2019-08-03 09:56:43","2019-08-03 09:43:43","2019-08-03","09:43:43","2019","8","9","Natasha","15.00","","600x600","","Interval","Natasha","2","Inactive","Resting","","","","","","","","","","","","","","","","","","",""
"1154","Elk","Ashley Bowen","664aada0-4976-408a-a13f-3f2629c3b099","2019-08-03 09:41:43","2019-08-03 09:56:43","2019-08-03 09:44:43","2019-08-03","09:44:43","2019","8","9","Natasha","15.00","","600x600","","Interval","Natasha","3","Inactive","Resting","","","","","","","","","","","","","","","","","","",""
"1154","Elk","Ashley Bowen","664aada0-4976-408a-a13f-3f2629c3b099","2019-08-03 09:41:43","2019-08-03 09:56:43","","","","","","","Natasha","15.00","","600x600","","Interval","Natasha","4","","","","","","","","","","","","","","","","","","","","",""
"1154","Elk","Ashley Bowen","664aada0-4976-408a-a13f-3f2629c3b099","2019-08-03 09:41:43","2019-08-03 09:56:43","2019-08-03 09:46:43","2019-08-03","09:46:43","2019","8","9","Natasha","15.00","","600x600","","Interval","Natasha","5","Inactive","Alert","","","","","","","","","","","","","","","","","","",""
"1154","Elk","Ashley Bowen","664aada0-4976-408a-a13f-3f2629c3b099","2019-08-03 09:41:43","2019-08-03 09:56:43","2019-08-03 09:47:43","2019-08-03","09:47:43","2019","8","9","Natasha","15.00","","600x600","","Interval","Natasha","6","Inactive","Alert","Locomotion","Walking","","","","","","","","","","","","","","","","",""
"1154","Elk","Ashley Bowen","664aada0-4976-408a-a13f-3f2629c3b099","2019-08-03 09:41:43","2019-08-03 09:56:43","2019-08-03 09:48:43","2019-08-03","09:48:43","2019","8","9","Natasha","15.00","","600x600","","Interval","Natasha","7","Inactive","Alert","Locomotion","Walking","","","","","","","","","","","","","","","","",""
"1154","Elk","Ashley Bowen","664aada0-4976-408a-a13f-3f2629c3b099","2019-08-03 09:41:43","2019-08-03 09:56:43","2019-08-03 09:49:43","2019-08-03","09:49:43","2019","8","9","Natasha","15.00","","600x600","","Interval","Natasha","8","Inactive","Alert","Locomotion","Walking","","","","","","","","","","","","","","","","",""
"1154","Elk","Ashley Bowen","664aada0-4976-408a-a13f-3f2629c3b099","2019-08-03 09:41:43","2019-08-03 09:56:43","2019-08-03 09:50:43","2019-08-03","09:50:43","2019","8","9","Natasha","15.00","","600x600","","Interval","Natasha","9","Inactive","Alert","Locomotion","Walking","","","","","","","","","","","","","","","","",""
"1154","Elk","Ashley Bowen","664aada0-4976-408a-a13f-3f2629c3b099","2019-08-03 09:41:43","2019-08-03 09:56:43","2019-08-03 09:51:43","2019-08-03","09:51:43","2019","8","9","Natasha","15.00","","600x600","","Interval","Natasha","10","Inactive","Alert","Locomotion","Walking","","","","","","","","","","","","","","","","",""
"1154","Elk","Ashley Bowen","664aada0-4976-408a-a13f-3f2629c3b099","2019-08-03 09:41:43","2019-08-03 09:56:43","2019-08-03 09:52:43","2019-08-03","09:52:43","2019","8","9","Natasha","15.00","","600x600","","Interval","Natasha","11","Inactive","Alert","Locomotion","Walking","","","","","","","","","","","","","","","","",""
"1154","Elk","Ashley Bowen","664aada0-4976-408a-a13f-3f2629c3b099","2019-08-03 09:41:43","2019-08-03 09:56:43","2019-08-03 09:53:43","2019-08-03","09:53:43","2019","8","9","Natasha","15.00","","600x600","","Interval","Natasha","12","Inactive","Alert","","","","","","","","","","","","","","","","","","",""
"1154","Elk","Ashley Bowen","664aada0-4976-408a-a13f-3f2629c3b099","2019-08-03 09:41:43","2019-08-03 09:56:43","2019-08-03 09:54:43","2019-08-03","09:54:43","2019","8","9","Natasha","15.00","","600x600","","Interval","Natasha","13","Inactive","Alert","","","","","","","","","","","","","","","","","","",""
"1154","Elk","Ashley Bowen","664aada0-4976-408a-a13f-3f2629c3b099","2019-08-03 09:41:43","2019-08-03 09:56:43","2019-08-03 09:55:43","2019-08-03","09:55:43","2019","8","9","Natasha","15.00","","600x600","","Interval","Natasha","14","Inactive","Alert","","","","","","","","","","","","","","","","","","",""
"1154","Elk","Ashley Bowen","664aada0-4976-408a-a13f-3f2629c3b099","2019-08-03 09:41:43","2019-08-03 09:56:43","","","","","","","Natasha","15.00","","600x600","","Interval","Natasha","15","","","","","","","","","","","","","","","","","","","","",""
"1179","Elk","Ashley Bowen","664aada0-4976-408a-a13f-3f2629c3b099","2019-08-10 10:02:51","2019-08-10 10:17:51","2019-08-10 10:03:51","2019-08-10","10:03:51","2019","8","10","Natasha","15.00","","600x600","","Interval","Natasha","1","","","","","","","","","","","","Exploratory & Feeding","Foraging","","","","","","","",""
"1179","Elk","Ashley Bowen","664aada0-4976-408a-a13f-3f2629c3b099","2019-08-10 10:02:51","2019-08-10 10:17:51","2019-08-10 10:04:51","2019-08-10","10:04:51","2019","8","10","Natasha","15.00","","600x600","","Interval","Natasha","2","Inactive","Alert","","","","","","","","","","","","","","","","","","",""
"1179","Elk","Ashley Bowen","664aada0-4976-408a-a13f-3f2629c3b099","2019-08-10 10:02:51","2019-08-10 10:17:51","2019-08-10 10:05:51","2019-08-10","10:05:51","2019","8","10","Natasha","15.00","","600x600","","Interval","Natasha","3","Inactive","Alert","","","","","","","","","","","","","","","","","","",""
"1179","Elk","Ashley Bowen","664aada0-4976-408a-a13f-3f2629c3b099","2019-08-10 10:02:51","2019-08-10 10:17:51","2019-08-10 10:06:51","2019-08-10","10:06:51","2019","8","10","Natasha","15.00","","600x600","","Interval","Natasha","4","Inactive","Alert","","","","","","","","","","","","","","","","","","",""
"1179","Elk","Ashley Bowen","664aada0-4976-408a-a13f-3f2629c3b099","2019-08-10 10:02:51","2019-08-10 10:17:51","2019-08-10 10:07:51","2019-08-10","10:07:51","2019","8","10","Natasha","15.00","","600x600","","Interval","Natasha","5","Inactive","Alert","","","","","","","","","","","","","","","","","","",""
"1179","Elk","Ashley Bowen","664aada0-4976-408a-a13f-3f2629c3b099","2019-08-10 10:02:51","2019-08-10 10:17:51","2019-08-10 10:08:51","2019-08-10","10:08:51","2019","8","10","Natasha","15.00","","600x600","","Interval","Natasha","6","Inactive","Alert","","","","","","","","","","","","","","","","","","",""
"1179","Elk","Ashley Bowen","664aada0-4976-408a-a13f-3f2629c3b099","2019-08-10 10:02:51","2019-08-10 10:17:51","2019-08-10 10:09:51","2019-08-10","10:09:51","2019","8","10","Natasha","15.00","","600x600","","Interval","Natasha","7","Inactive","Alert","","","","","","","","","","","","","","","","","","",""
"1179","Elk","Ashley Bowen","664aada0-4976-408a-a13f-3f2629c3b099","2019-08-10 10:02:51","2019-08-10 10:17:51","2019-08-10 10:10:51","2019-08-10","10:10:51","2019","8","10","Natasha","15.00","","600x600","","Interval","Natasha","8","Inactive","Alert","","","","","","","","","","","","","","","","","","",""
"1179","Elk","Ashley Bowen","664aada0-4976-408a-a13f-3f2629c3b099","2019-08-10 10:02:51","2019-08-10 10:17:51","2019-08-10 10:11:51","2019-08-10","10:11:51","2019","8","10","Natasha","15.00","","600x600","","Interval","Natasha","9","Inactive","Alert","","","","","","","","","","","","","","","","","","",""
"1179","Elk","Ashley Bowen","664aada0-4976-408a-a13f-3f2629c3b099","2019-08-10 10:02:51","2019-08-10 10:17:51","2019-08-10 10:12:51","2019-08-10","10:12:51","2019","8","10","Natasha","15.00","","600x600","","Interval","Natasha","10","Inactive","Alert","","","","","","","","","","","","","","","","","","",""
"1179","Elk","Ashley Bowen","664aada0-4976-408a-a13f-3f2629c3b099","2019-08-10 10:02:51","2019-08-10 10:17:51","2019-08-10 10:13:51","2019-08-10","10:13:51","2019","8","10","Natasha","15.00","","600x600","","Interval","Natasha","11","Inactive","Resting","","","","","","","","","","","","","","","","","","",""
"1179","Elk","Ashley Bowen","664aada0-4976-408a-a13f-3f2629c3b099","2019-08-10 10:02:51","2019-08-10 10:17:51","2019-08-10 10:14:51","2019-08-10","10:14:51","2019","8","10","Natasha","15.00","","600x600","","Interval","Natasha","12","Inactive","Resting","","","","","","","","","","","","","","","","","","",""
"1179","Elk","Ashley Bowen","664aada0-4976-408a-a13f-3f2629c3b099","2019-08-10 10:02:51","2019-08-10 10:17:51","2019-08-10 10:15:51","2019-08-10","10:15:51","2019","8","10","Natasha","15.00","","600x600","","Interval","Natasha","13","Inactive","Resting","","","","","","","","","","","","","","","","","","",""
"1179","Elk","Ashley Bowen","664aada0-4976-408a-a13f-3f2629c3b099","2019-08-10 10:02:51","2019-08-10 10:17:51","2019-08-10 10:16:51","2019-08-10","10:16:51","2019","8","10","Natasha","15.00","","600x600","","Interval","Natasha","14","Inactive","Resting","","","","","","","","","","","","","","","","","","",""
"1179","Elk","Ashley Bowen","664aada0-4976-408a-a13f-3f2629c3b099","2019-08-10 10:02:51","2019-08-10 10:17:51","","","","","","","Natasha","15.00","","600x600","","Interval","Natasha","15","","","","","","","","","","","","","","","","","","","","",""
"1319","Elk","Meiyer Torrisi","664aada0-4976-408a-a13f-3f2629c3b099","2019-09-03 13:42:28","2019-09-03 13:57:28","2019-09-03 13:43:28","2019-09-03","13:43:28","2019","9","13","Natasha","15.00","","600x600","","Interval","Natasha","1","Inactive","Alert","","","","","","","","","","","","","","","","","","",""
"1319","Elk","Meiyer Torrisi","664aada0-4976-408a-a13f-3f2629c3b099","2019-09-03 13:42:28","2019-09-03 13:57:28","2019-09-03 13:44:28","2019-09-03","13:44:28","2019","9","13","Natasha","15.00","","600x600","","Interval","Natasha","2","Inactive","Alert","","","","","","","","","","","","","","","","","","",""
"1319","Elk","Meiyer Torrisi","664aada0-4976-408a-a13f-3f2629c3b099","2019-09-03 13:42:28","2019-09-03 13:57:28","2019-09-03 13:45:28","2019-09-03","13:45:28","2019","9","13","Natasha","15.00","","600x600","","Interval","Natasha","3","","","","","","","","","","","","Exploratory & Feeding","Consumption","","","","","","","",""
"1319","Elk","Meiyer Torrisi","664aada0-4976-408a-a13f-3f2629c3b099","2019-09-03 13:42:28","2019-09-03 13:57:28","2019-09-03 13:46:28","2019-09-03","13:46:28","2019","9","13","Natasha","15.00","","600x600","","Interval","Natasha","4","Inactive","Alert","","","","","","","","","","","","","","","","","","",""
"1319","Elk","Meiyer Torrisi","664aada0-4976-408a-a13f-3f2629c3b099","2019-09-03 13:42:28","2019-09-03 13:57:28","2019-09-03 13:47:28","2019-09-03","13:47:28","2019","9","13","Natasha","15.00","","600x600","","Interval","Natasha","5","","","","","","","","","","","","Exploratory & Feeding","Consumption","","","","","","","",""
"1319","Elk","Meiyer Torrisi","664aada0-4976-408a-a13f-3f2629c3b099","2019-09-03 13:42:28","2019-09-03 13:57:28","2019-09-03 13:48:28","2019-09-03","13:48:28","2019","9","13","Natasha","15.00","","600x600","","Interval","Natasha","6","","","","","","","","","","","","Exploratory & Feeding","Consumption","","","","","","","",""
"1319","Elk","Meiyer Torrisi","664aada0-4976-408a-a13f-3f2629c3b099","2019-09-03 13:42:28","2019-09-03 13:57:28","2019-09-03 13:49:28","2019-09-03","13:49:28","2019","9","13","Natasha","15.00","","600x600","","Interval","Natasha","7","","","","","","","","","","","","Exploratory & Feeding","Consumption","","","","","","","",""
"1319","Elk","Meiyer Torrisi","664aada0-4976-408a-a13f-3f2629c3b099","2019-09-03 13:42:28","2019-09-03 13:57:28","2019-09-03 13:50:28","2019-09-03","13:50:28","2019","9","13","Natasha","15.00","","600x600","","Interval","Natasha","8","Inactive","Alert","","","","","","","","","","","","","","","","","","",""
"1319","Elk","Meiyer Torrisi","664aada0-4976-408a-a13f-3f2629c3b099","2019-09-03 13:42:28","2019-09-03 13:57:28","2019-09-03 13:51:28","2019-09-03","13:51:28","2019","9","13","Natasha","15.00","","600x600","","Interval","Natasha","9","","","","","","","","","","","","Exploratory & Feeding","Consumption","","","","","","","",""
"1319","Elk","Meiyer Torrisi","664aada0-4976-408a-a13f-3f2629c3b099","2019-09-03 13:42:28","2019-09-03 13:57:28","2019-09-03 13:52:28","2019-09-03","13:52:28","2019","9","13","Natasha","15.00","","600x600","","Interval","Natasha","10","","","","","","","","","","","","Exploratory & Feeding","Consumption","","","","","","","",""
"1319","Elk","Meiyer Torrisi","664aada0-4976-408a-a13f-3f2629c3b099","2019-09-03 13:42:28","2019-09-03 13:57:28","2019-09-03 13:53:28","2019-09-03","13:53:28","2019","9","13","Natasha","15.00","","600x600","","Interval","Natasha","11","","","","","","","","","","","","Exploratory & Feeding","Consumption","","","","","","","",""
"1319","Elk","Meiyer Torrisi","664aada0-4976-408a-a13f-3f2629c3b099","2019-09-03 13:42:28","2019-09-03 13:57:28","2019-09-03 13:54:28","2019-09-03","13:54:28","2019","9","13","Natasha","15.00","","600x600","","Interval","Natasha","12","","","","","","","","","","","","Exploratory & Feeding","Consumption","","","","","","","",""
"1319","Elk","Meiyer Torrisi","664aada0-4976-408a-a13f-3f2629c3b099","2019-09-03 13:42:28","2019-09-03 13:57:28","2019-09-03 13:55:28","2019-09-03","13:55:28","2019","9","13","Natasha","15.00","","600x600","","Interval","Natasha","13","","","","","","","","","","","","Exploratory & Feeding","Foraging","","","","","","","",""
"1319","Elk","Meiyer Torrisi","664aada0-4976-408a-a13f-3f2629c3b099","2019-09-03 13:42:28","2019-09-03 13:57:28","2019-09-03 13:56:28","2019-09-03","13:56:28","2019","9","13","Natasha","15.00","","600x600","","Interval","Natasha","14","","","","","","","","","","","","Exploratory & Feeding","Foraging","","","","","","","",""
"1319","Elk","Meiyer Torrisi","664aada0-4976-408a-a13f-3f2629c3b099","2019-09-03 13:42:28","2019-09-03 13:57:28","2019-09-03 13:57:28","2019-09-03","13:57:28","2019","9","13","Natasha","15.00","","600x600","","Interval","Natasha","15","","","","","","","","","","","","Exploratory & Feeding","Foraging","","","","","","","",""
"1435","Elk","Ashley Bowen","664aada0-4976-408a-a13f-3f2629c3b099","2019-10-05 09:41:09","2019-10-05 09:56:09","2019-10-05 09:42:09","2019-10-05","09:42:09","2019","10","9","Natasha","15.00","","600x600","","Interval","Natasha","1","Inactive","Alert","","","","","","","","","","","","","","","","","","",""
"1435","Elk","Ashley Bowen","664aada0-4976-408a-a13f-3f2629c3b099","2019-10-05 09:41:09","2019-10-05 09:56:09","2019-10-05 09:43:09","2019-10-05","09:43:09","2019","10","9","Natasha","15.00","","600x600","","Interval","Natasha","2","Inactive","Alert","","","","","","","","","","","","","","","","","","",""
"1435","Elk","Ashley Bowen","664aada0-4976-408a-a13f-3f2629c3b099","2019-10-05 09:41:09","2019-10-05 09:56:09","2019-10-05 09:44:09","2019-10-05","09:44:09","2019","10","9","Natasha","15.00","","600x600","","Interval","Natasha","3","Inactive","Alert","","","","","","","","","","","","","","","","","","",""
"1435","Elk","Ashley Bowen","664aada0-4976-408a-a13f-3f2629c3b099","2019-10-05 09:41:09","2019-10-05 09:56:09","2019-10-05 09:45:09","2019-10-05","09:45:09","2019","10","9","Natasha","15.00","","600x600","","Interval","Natasha","4","Inactive","Alert","","","","","","","","","","","","","","","","","","",""
"1435","Elk","Ashley Bowen","664aada0-4976-408a-a13f-3f2629c3b099","2019-10-05 09:41:09","2019-10-05 09:56:09","2019-10-05 09:46:09","2019-10-05","09:46:09","2019","10","9","Natasha","15.00","","600x600","","Interval","Natasha","5","Inactive","Alert","","","","","","","","","","","","","","","","","","",""
"1435","Elk","Ashley Bowen","664aada0-4976-408a-a13f-3f2629c3b099","2019-10-05 09:41:09","2019-10-05 09:56:09","2019-10-05 09:47:09","2019-10-05","09:47:09","2019","10","9","Natasha","15.00","","600x600","","Interval","Natasha","6","Inactive","Alert","","","","","","","","","","","","","","","","","","",""
"1435","Elk","Ashley Bowen","664aada0-4976-408a-a13f-3f2629c3b099","2019-10-05 09:41:09","2019-10-05 09:56:09","2019-10-05 09:48:09","2019-10-05","09:48:09","2019","10","9","Natasha","15.00","","600x600","","Interval","Natasha","7","Inactive","Alert","","","","","","","","","","","","","","","","","","",""
"1435","Elk","Ashley Bowen","664aada0-4976-408a-a13f-3f2629c3b099","2019-10-05 09:41:09","2019-10-05 09:56:09","2019-10-05 09:49:09","2019-10-05","09:49:09","2019","10","9","Natasha","15.00","","600x600","","Interval","Natasha","8","Inactive","Alert","","","","","","","","","","","","","","","","","","",""
"1435","Elk","Ashley Bowen","664aada0-4976-408a-a13f-3f2629c3b099","2019-10-05 09:41:09","2019-10-05 09:56:09","2019-10-05 09:50:09","2019-10-05","09:50:09","2019","10","9","Natasha","15.00","","600x600","","Interval","Natasha","9","Inactive","Alert","","","","","","","","","","","","","","","","","","",""
"1435","Elk","Ashley Bowen","664aada0-4976-408a-a13f-3f2629c3b099","2019-10-05 09:41:09","2019-10-05 09:56:09","2019-10-05 09:51:09","2019-10-05","09:51:09","2019","10","9","Natasha","15.00","","600x600","","Interval","Natasha","10","Inactive","Alert","","","","","","","","","","","","","","","","","","",""
"1435","Elk","Ashley Bowen","664aada0-4976-408a-a13f-3f2629c3b099","2019-10-05 09:41:09","2019-10-05 09:56:09","2019-10-05 09:52:09","2019-10-05","09:52:09","2019","10","9","Natasha","15.00","","600x600","","Interval","Natasha","11","Inactive","Alert","","","","","","","","","","","","","","","","","","",""
"1435","Elk","Ashley Bowen","664aada0-4976-408a-a13f-3f2629c3b099","2019-10-05 09:41:09","2019-10-05 09:56:09","2019-10-05 09:53:09","2019-10-05","09:53:09","2019","10","9","Natasha","15.00","","600x600","","Interval","Natasha","12","Inactive","Alert","","","","","","","","","","","","","","","","","","",""
"1435","Elk","Ashley Bowen","664aada0-4976-408a-a13f-3f2629c3b099","2019-10-05 09:41:09","2019-10-05 09:56:09","2019-10-05 09:54:09","2019-10-05","09:54:09","2019","10","9","Natasha","15.00","","600x600","","Interval","Natasha","13","Inactive","Alert","","","","","","","","","","","","","","","","","","",""
"1435","Elk","Ashley Bowen","664aada0-4976-408a-a13f-3f2629c3b099","2019-10-05 09:41:09","2019-10-05 09:56:09","2019-10-05 09:55:09","2019-10-05","09:55:09","2019","10","9","Natasha","15.00","","600x600","","Interval","Natasha","14","Inactive","Alert","","","","","","","","","","","","","","","","","","",""
"1435","Elk","Ashley Bowen","664aada0-4976-408a-a13f-3f2629c3b099","2019-10-05 09:41:09","2019-10-05 09:56:09","","","","","","","Natasha","15.00","","600x600","","Interval","Natasha","15","","","","","","","","","","","","","","","","","","","","",""
"1455","Elk","Jeannette Schwab","664aada0-4976-408a-a13f-3f2629c3b099","2019-10-18 15:41:17","2019-10-18 15:56:17","2019-10-18 15:42:17","2019-10-18","15:42:17","2019","10","15","Natasha","15.00","","600x600","","Interval","Natasha","1","Inactive","Resting","","","","","","","","","","","","","","","","","","",""
"1455","Elk","Jeannette Schwab","664aada0-4976-408a-a13f-3f2629c3b099","2019-10-18 15:41:17","2019-10-18 15:56:17","2019-10-18 15:43:17","2019-10-18","15:43:17","2019","10","15","Natasha","15.00","","600x600","","Interval","Natasha","2","Inactive","Resting","","","","","","","","","","","","","","","","","","",""
"1455","Elk","Jeannette Schwab","664aada0-4976-408a-a13f-3f2629c3b099","2019-10-18 15:41:17","2019-10-18 15:56:17","2019-10-18 15:44:17","2019-10-18","15:44:17","2019","10","15","Natasha","15.00","","600x600","","Interval","Natasha","3","Inactive","Resting","","","","","","","","","","","","","","","","","","",""
"1455","Elk","Jeannette Schwab","664aada0-4976-408a-a13f-3f2629c3b099","2019-10-18 15:41:17","2019-10-18 15:56:17","2019-10-18 15:45:17","2019-10-18","15:45:17","2019","10","15","Natasha","15.00","","600x600","","Interval","Natasha","4","Inactive","Resting","","","","","","","","","","","","","","","","","","",""
"1455","Elk","Jeannette Schwab","664aada0-4976-408a-a13f-3f2629c3b099","2019-10-18 15:41:17","2019-10-18 15:56:17","2019-10-18 15:46:17","2019-10-18","15:46:17","2019","10","15","Natasha","15.00","","600x600","","Interval","Natasha","5","Inactive","Resting","","","","","","","","","","","","","","","","","","",""
"1455","Elk","Jeannette Schwab","664aada0-4976-408a-a13f-3f2629c3b099","2019-10-18 15:41:17","2019-10-18 15:56:17","2019-10-18 15:47:17","2019-10-18","15:47:17","2019","10","15","Natasha","15.00","","600x600","","Interval","Natasha","6","Inactive","Resting","","","","","","","","","","","","","","","","","","",""
"1455","Elk","Jeannette Schwab","664aada0-4976-408a-a13f-3f2629c3b099","2019-10-18 15:41:17","2019-10-18 15:56:17","2019-10-18 15:48:17","2019-10-18","15:48:17","2019","10","15","Natasha","15.00","","600x600","","Interval","Natasha","7","Inactive","Resting","","","","","","","","","","","","","","","","","","",""
"1455","Elk","Jeannette Schwab","664aada0-4976-408a-a13f-3f2629c3b099","2019-10-18 15:41:17","2019-10-18 15:56:17","2019-10-18 15:49:17","2019-10-18","15:49:17","2019","10","15","Natasha","15.00","","600x600","","Interval","Natasha","8","Inactive","Resting","","","","","","","","","","","","","","","","","","",""
"1455","Elk","Jeannette Schwab","664aada0-4976-408a-a13f-3f2629c3b099","2019-10-18 15:41:17","2019-10-18 15:56:17","2019-10-18 15:50:17","2019-10-18","15:50:17","2019","10","15","Natasha","15.00","","600x600","","Interval","Natasha","9","Inactive","Resting","","","","","","","","","","","","","","","","","","",""
"1455","Elk","Jeannette Schwab","664aada0-4976-408a-a13f-3f2629c3b099","2019-10-18 15:41:17","2019-10-18 15:56:17","2019-10-18 15:51:17","2019-10-18","15:51:17","2019","10","15","Natasha","15.00","","600x600","","Interval","Natasha","10","Inactive","Resting","","","","","","","","","","","","","","","","","","",""
"1455","Elk","Jeannette Schwab","664aada0-4976-408a-a13f-3f2629c3b099","2019-10-18 15:41:17","2019-10-18 15:56:17","2019-10-18 15:52:17","2019-10-18","15:52:17","2019","10","15","Natasha","15.00","","600x600","","Interval","Natasha","11","Inactive","Resting","","","","","","","","","","","","","","","","","","",""
"1455","Elk","Jeannette Schwab","664aada0-4976-408a-a13f-3f2629c3b099","2019-10-18 15:41:17","2019-10-18 15:56:17","2019-10-18 15:53:17","2019-10-18","15:53:17","2019","10","15","Natasha","15.00","","600x600","","Interval","Natasha","12","Inactive","Resting","","","","","","","","","","","","","","","","","","",""
"1455","Elk","Jeannette Schwab","664aada0-4976-408a-a13f-3f2629c3b099","2019-10-18 15:41:17","2019-10-18 15:56:17","2019-10-18 15:54:17","2019-10-18","15:54:17","2019","10","15","Natasha","15.00","","600x600","","Interval","Natasha","13","Inactive","Resting","","","","","","","","","","","","","","","","","","",""
"1455","Elk","Jeannette Schwab","664aada0-4976-408a-a13f-3f2629c3b099","2019-10-18 15:41:17","2019-10-18 15:56:17","2019-10-18 15:55:17","2019-10-18","15:55:17","2019","10","15","Natasha","15.00","","600x600","","Interval","Natasha","14","Inactive","Resting","","","","","","","","","","","","","","","","","","",""
"1455","Elk","Jeannette Schwab","664aada0-4976-408a-a13f-3f2629c3b099","2019-10-18 15:41:17","2019-10-18 15:56:17","","","","","","","Natasha","15.00","","600x600","","Interval","Natasha","15","","","","","","","","","","","","","","","","","","","","",""
"1476","Elk","Anna Anderson","664aada0-4976-408a-a13f-3f2629c3b099","2019-11-03 14:57:38","2019-11-03 15:12:38","2019-11-03 14:58:38","2019-11-03","14:58:38","2019","11","14","Natasha","15.00","","600x600","","Interval","Natasha","1","","","","","","","","","","","","Exploratory & Feeding","Consumption","","","","","","","",""
"1476","Elk","Anna Anderson","664aada0-4976-408a-a13f-3f2629c3b099","2019-11-03 14:57:38","2019-11-03 15:12:38","2019-11-03 14:59:38","2019-11-03","14:59:38","2019","11","14","Natasha","15.00","","600x600","","Interval","Natasha","2","","","","","","","","","","","","Exploratory & Feeding","Consumption","","","","","","","",""
"1476","Elk","Anna Anderson","664aada0-4976-408a-a13f-3f2629c3b099","2019-11-03 14:57:38","2019-11-03 15:12:38","2019-11-03 15:00:38","2019-11-03","15:00:38","2019","11","15","Natasha","15.00","","600x600","","Interval","Natasha","3","","","","","","","","","","","","Exploratory & Feeding","Consumption","","","","","","","",""
"1476","Elk","Anna Anderson","664aada0-4976-408a-a13f-3f2629c3b099","2019-11-03 14:57:38","2019-11-03 15:12:38","2019-11-03 15:01:38","2019-11-03","15:01:38","2019","11","15","Natasha","15.00","","600x600","","Interval","Natasha","4","Inactive","Alert","","","","","","","","","","Exploratory & Feeding","Consumption","","","","","","","",""
"1476","Elk","Anna Anderson","664aada0-4976-408a-a13f-3f2629c3b099","2019-11-03 14:57:38","2019-11-03 15:12:38","2019-11-03 15:02:38","2019-11-03","15:02:38","2019","11","15","Natasha","15.00","","600x600","","Interval","Natasha","5","","","","","","","","","","","","Exploratory & Feeding","Consumption","","","","","","","",""
"1476","Elk","Anna Anderson","664aada0-4976-408a-a13f-3f2629c3b099","2019-11-03 14:57:38","2019-11-03 15:12:38","2019-11-03 15:03:38","2019-11-03","15:03:38","2019","11","15","Natasha","15.00","","600x600","","Interval","Natasha","6","","","","","","","","","","","","Exploratory & Feeding","Consumption","","","","","","","",""
"1476","Elk","Anna Anderson","664aada0-4976-408a-a13f-3f2629c3b099","2019-11-03 14:57:38","2019-11-03 15:12:38","2019-11-03 15:04:38","2019-11-03","15:04:38","2019","11","15","Natasha","15.00","","600x600","","Interval","Natasha","7","","","","","","","","","","","","Exploratory & Feeding","Consumption","","","","","","","",""
"1476","Elk","Anna Anderson","664aada0-4976-408a-a13f-3f2629c3b099","2019-11-03 14:57:38","2019-11-03 15:12:38","2019-11-03 15:05:38","2019-11-03","15:05:38","2019","11","15","Natasha","15.00","","600x600","","Interval","Natasha","8","","","Locomotion","Walking","","","","","","","","Exploratory & Feeding","Consumption","","","","","","","",""
"1476","Elk","Anna Anderson","664aada0-4976-408a-a13f-3f2629c3b099","2019-11-03 14:57:38","2019-11-03 15:12:38","2019-11-03 15:06:38","2019-11-03","15:06:38","2019","11","15","Natasha","15.00","","600x600","","Interval","Natasha","9","","","Locomotion","Walking","","","","","","","","","","","","","","","","",""
"1476","Elk","Anna Anderson","664aada0-4976-408a-a13f-3f2629c3b099","2019-11-03 14:57:38","2019-11-03 15:12:38","2019-11-03 15:07:38","2019-11-03","15:07:38","2019","11","15","Natasha","15.00","","600x600","","Interval","Natasha","10","","","Locomotion","Walking","","","","","","","","Exploratory & Feeding","Consumption","","","","","","","",""
"1476","Elk","Anna Anderson","664aada0-4976-408a-a13f-3f2629c3b099","2019-11-03 14:57:38","2019-11-03 15:12:38","2019-11-03 15:08:38","2019-11-03","15:08:38","2019","11","15","Natasha","15.00","","600x600","","Interval","Natasha","11","","","","","","","","","","","","Exploratory & Feeding","Consumption","","","","","","","",""
"1476","Elk","Anna Anderson","664aada0-4976-408a-a13f-3f2629c3b099","2019-11-03 14:57:38","2019-11-03 15:12:38","2019-11-03 15:09:38","2019-11-03","15:09:38","2019","11","15","Natasha","15.00","","600x600","","Interval","Natasha","12","Inactive","Resting","","","","","","","","","","Exploratory & Feeding","Consumption","","","","","","","",""
"1476","Elk","Anna Anderson","664aada0-4976-408a-a13f-3f2629c3b099","2019-11-03 14:57:38","2019-11-03 15:12:38","2019-11-03 15:10:38","2019-11-03","15:10:38","2019","11","15","Natasha","15.00","","600x600","","Interval","Natasha","13","","","","","","","","","","","","Exploratory & Feeding","Consumption","","","","","","","",""
"1476","Elk","Anna Anderson","664aada0-4976-408a-a13f-3f2629c3b099","2019-11-03 14:57:38","2019-11-03 15:12:38","2019-11-03 15:11:38","2019-11-03","15:11:38","2019","11","15","Natasha","15.00","","600x600","","Interval","Natasha","14","Inactive","Resting","Locomotion","Walking","","","","","","","","","","","","","","","","",""
"1476","Elk","Anna Anderson","664aada0-4976-408a-a13f-3f2629c3b099","2019-11-03 14:57:38","2019-11-03 15:12:38","2019-11-03 15:12:38","2019-11-03","15:12:38","2019","11","15","Natasha","15.00","","600x600","","Interval","Natasha","15","Inactive","Resting","","","","","","","","","","","","","","","","","","",""
"1487","Elk","Ashley Bowen","664aada0-4976-408a-a13f-3f2629c3b099","2019-11-09 10:54:24","2019-11-09 11:09:24","","","","","","","Natasha","15.00","","600x600","","Interval","Natasha","1","","","","","","","","","","","","","","","","","","","","",""
"1487","Elk","Ashley Bowen","664aada0-4976-408a-a13f-3f2629c3b099","2019-11-09 10:54:24","2019-11-09 11:09:24","2019-11-09 10:56:24","2019-11-09","10:56:24","2019","11","10","Natasha","15.00","","600x600","","Interval","Natasha","2","Inactive","Resting","","","","","","","","","","","","","","","","","","",""
"1487","Elk","Ashley Bowen","664aada0-4976-408a-a13f-3f2629c3b099","2019-11-09 10:54:24","2019-11-09 11:09:24","2019-11-09 10:57:24","2019-11-09","10:57:24","2019","11","10","Natasha","15.00","","600x600","","Interval","Natasha","3","Inactive","Resting","","","","","","","","","","","","","","","","","","",""
"1487","Elk","Ashley Bowen","664aada0-4976-408a-a13f-3f2629c3b099","2019-11-09 10:54:24","2019-11-09 11:09:24","2019-11-09 10:58:24","2019-11-09","10:58:24","2019","11","10","Natasha","15.00","","600x600","","Interval","Natasha","4","Inactive","Resting","","","","","","","","","","","","","","","","","","",""
"1487","Elk","Ashley Bowen","664aada0-4976-408a-a13f-3f2629c3b099","2019-11-09 10:54:24","2019-11-09 11:09:24","2019-11-09 10:59:24","2019-11-09","10:59:24","2019","11","10","Natasha","15.00","","600x600","","Interval","Natasha","5","Inactive","Resting","","","","","","","","","","","","","","","","","","",""
"1487","Elk","Ashley Bowen","664aada0-4976-408a-a13f-3f2629c3b099","2019-11-09 10:54:24","2019-11-09 11:09:24","2019-11-09 11:00:24","2019-11-09","11:00:24","2019","11","11","Natasha","15.00","","600x600","","Interval","Natasha","6","Inactive","Resting","","","","","","","","","","","","","","","","","","",""
"1487","Elk","Ashley Bowen","664aada0-4976-408a-a13f-3f2629c3b099","2019-11-09 10:54:24","2019-11-09 11:09:24","2019-11-09 11:01:24","2019-11-09","11:01:24","2019","11","11","Natasha","15.00","","600x600","","Interval","Natasha","7","Inactive","Resting","","","","","","","","","","","","","","","","","","",""
"1487","Elk","Ashley Bowen","664aada0-4976-408a-a13f-3f2629c3b099","2019-11-09 10:54:24","2019-11-09 11:09:24","2019-11-09 11:02:24","2019-11-09","11:02:24","2019","11","11","Natasha","15.00","","600x600","","Interval","Natasha","8","Inactive","Resting","","","","","","","","","","","","","","","","","","",""
"1487","Elk","Ashley Bowen","664aada0-4976-408a-a13f-3f2629c3b099","2019-11-09 10:54:24","2019-11-09 11:09:24","2019-11-09 11:03:24","2019-11-09","11:03:24","2019","11","11","Natasha","15.00","","600x600","","Interval","Natasha","9","Inactive","Resting","","","","","","","","","","","","","","","","","","",""
"1487","Elk","Ashley Bowen","664aada0-4976-408a-a13f-3f2629c3b099","2019-11-09 10:54:24","2019-11-09 11:09:24","2019-11-09 11:04:24","2019-11-09","11:04:24","2019","11","11","Natasha","15.00","","600x600","","Interval","Natasha","10","Inactive","Resting","","","","","","","","","","","","","","","","","","",""
"1487","Elk","Ashley Bowen","664aada0-4976-408a-a13f-3f2629c3b099","2019-11-09 10:54:24","2019-11-09 11:09:24","2019-11-09 11:05:24","2019-11-09","11:05:24","2019","11","11","Natasha","15.00","","600x600","","Interval","Natasha","11","Inactive","Resting","","","","","","","","","","","","","","","","","","",""
"1487","Elk","Ashley Bowen","664aada0-4976-408a-a13f-3f2629c3b099","2019-11-09 10:54:24","2019-11-09 11:09:24","2019-11-09 11:06:24","2019-11-09","11:06:24","2019","11","11","Natasha","15.00","","600x600","","Interval","Natasha","12","Inactive","Resting","","","","","","","","","","","","","","","","","","",""
"1487","Elk","Ashley Bowen","664aada0-4976-408a-a13f-3f2629c3b099","2019-11-09 10:54:24","2019-11-09 11:09:24","2019-11-09 11:07:24","2019-11-09","11:07:24","2019","11","11","Natasha","15.00","","600x600","","Interval","Natasha","13","Inactive","Resting","","","","","","","","","","","","","","","","","","",""
"1487","Elk","Ashley Bowen","664aada0-4976-408a-a13f-3f2629c3b099","2019-11-09 10:54:24","2019-11-09 11:09:24","2019-11-09 11:08:24","2019-11-09","11:08:24","2019","11","11","Natasha","15.00","","600x600","","Interval","Natasha","14","Inactive","Resting","","","","","","","","","","","","","","","","","","",""
"1487","Elk","Ashley Bowen","664aada0-4976-408a-a13f-3f2629c3b099","2019-11-09 10:54:24","2019-11-09 11:09:24","","","","","","","Natasha","15.00","","600x600","","Interval","Natasha","15","","","","","","","","","","","","","","","","","","","","",""
"1562","Elk","Ashley Bowen","664aada0-4976-408a-a13f-3f2629c3b099","2019-12-14 09:41:52","2019-12-14 09:56:52","2019-12-14 09:42:52","2019-12-14","09:42:52","2019","12","9","Natasha","15.00","","600x600","","Interval","Natasha","1","Inactive","Alert","","","","","","","","","","","","","","","","","","",""
"1562","Elk","Ashley Bowen","664aada0-4976-408a-a13f-3f2629c3b099","2019-12-14 09:41:52","2019-12-14 09:56:52","2019-12-14 09:43:52","2019-12-14","09:43:52","2019","12","9","Natasha","15.00","","600x600","","Interval","Natasha","2","Inactive","Alert","","","","","","","","","","","","","","","","","","",""
"1562","Elk","Ashley Bowen","664aada0-4976-408a-a13f-3f2629c3b099","2019-12-14 09:41:52","2019-12-14 09:56:52","2019-12-14 09:44:52","2019-12-14","09:44:52","2019","12","9","Natasha","15.00","","600x600","","Interval","Natasha","3","Inactive","Alert","","","","","","","","","","","","","","","","","","",""
"1562","Elk","Ashley Bowen","664aada0-4976-408a-a13f-3f2629c3b099","2019-12-14 09:41:52","2019-12-14 09:56:52","2019-12-14 09:45:52","2019-12-14","09:45:52","2019","12","9","Natasha","15.00","","600x600","","Interval","Natasha","4","Inactive","Alert","","","","","","","","","","","","","","","","","","",""
"1562","Elk","Ashley Bowen","664aada0-4976-408a-a13f-3f2629c3b099","2019-12-14 09:41:52","2019-12-14 09:56:52","2019-12-14 09:46:52","2019-12-14","09:46:52","2019","12","9","Natasha","15.00","","600x600","","Interval","Natasha","5","Inactive","Alert","","","","","","","","","","","","","","","","","","",""
"1562","Elk","Ashley Bowen","664aada0-4976-408a-a13f-3f2629c3b099","2019-12-14 09:41:52","2019-12-14 09:56:52","2019-12-14 09:47:52","2019-12-14","09:47:52","2019","12","9","Natasha","15.00","","600x600","","Interval","Natasha","6","Inactive","Alert","","","","","","","","","","","","","","","","","","",""
"1562","Elk","Ashley Bowen","664aada0-4976-408a-a13f-3f2629c3b099","2019-12-14 09:41:52","2019-12-14 09:56:52","2019-12-14 09:48:52","2019-12-14","09:48:52","2019","12","9","Natasha","15.00","","600x600","","Interval","Natasha","7","Inactive","Resting","","","","","","","","","","","","","","","","","","",""
"1562","Elk","Ashley Bowen","664aada0-4976-408a-a13f-3f2629c3b099","2019-12-14 09:41:52","2019-12-14 09:56:52","2019-12-14 09:49:52","2019-12-14","09:49:52","2019","12","9","Natasha","15.00","","600x600","","Interval","Natasha","8","Inactive","Alert","","","","","","","","","","","","","","","","","","",""
"1562","Elk","Ashley Bowen","664aada0-4976-408a-a13f-3f2629c3b099","2019-12-14 09:41:52","2019-12-14 09:56:52","2019-12-14 09:50:52","2019-12-14","09:50:52","2019","12","9","Natasha","15.00","","600x600","","Interval","Natasha","9","Inactive","Alert","","","","","","","","","","","","","","","","","","",""
"1562","Elk","Ashley Bowen","664aada0-4976-408a-a13f-3f2629c3b099","2019-12-14 09:41:52","2019-12-14 09:56:52","2019-12-14 09:51:52","2019-12-14","09:51:52","2019","12","9","Natasha","15.00","","600x600","","Interval","Natasha","10","Inactive","Alert","","","","","","","","","","","","","","","","","","",""
"1562","Elk","Ashley Bowen","664aada0-4976-408a-a13f-3f2629c3b099","2019-12-14 09:41:52","2019-12-14 09:56:52","2019-12-14 09:52:52","2019-12-14","09:52:52","2019","12","9","Natasha","15.00","","600x600","","Interval","Natasha","11","Inactive","Alert","","","","","","","","","","","","","","","","","","",""
"1562","Elk","Ashley Bowen","664aada0-4976-408a-a13f-3f2629c3b099","2019-12-14 09:41:52","2019-12-14 09:56:52","2019-12-14 09:53:52","2019-12-14","09:53:52","2019","12","9","Natasha","15.00","","600x600","","Interval","Natasha","12","Inactive","Alert","","","","","","","","","","","","","","","","","","",""
"1562","Elk","Ashley Bowen","664aada0-4976-408a-a13f-3f2629c3b099","2019-12-14 09:41:52","2019-12-14 09:56:52","2019-12-14 09:54:52","2019-12-14","09:54:52","2019","12","9","Natasha","15.00","","600x600","","Interval","Natasha","13","Inactive","Alert","","","","","","","","","","","","","","","","","","",""
"1562","Elk","Ashley Bowen","664aada0-4976-408a-a13f-3f2629c3b099","2019-12-14 09:41:52","2019-12-14 09:56:52","2019-12-14 09:55:52","2019-12-14","09:55:52","2019","12","9","Natasha","15.00","","600x600","","Interval","Natasha","14","Inactive","Alert","","","","","","","","","","","","","","","","","","",""
"1562","Elk","Ashley Bowen","664aada0-4976-408a-a13f-3f2629c3b099","2019-12-14 09:41:52","2019-12-14 09:56:52","","","","","","","Natasha","15.00","","600x600","","Interval","Natasha","15","","","","","","","","","","","","","","","","","","","","",""
"1588","Elk","Jeannette Schwab","f208fba2-acef-49ff-96c2-6482634a4eeb","2020-02-03 14:07:36","2020-02-03 14:22:36","2020-02-03 14:08:36","2020-02-03","14:08:36","2020","2","14","Natasha","15.00","","600x600","","Interval","Natasha","1","Inactive","Resting","","","","","","","","","","","","","","","","","","",""
"1588","Elk","Jeannette Schwab","f208fba2-acef-49ff-96c2-6482634a4eeb","2020-02-03 14:07:36","2020-02-03 14:22:36","2020-02-03 14:09:36","2020-02-03","14:09:36","2020","2","14","Natasha","15.00","","600x600","","Interval","Natasha","2","Inactive","Alert","","","","","","","","","","","","","","","","","","",""
"1588","Elk","Jeannette Schwab","f208fba2-acef-49ff-96c2-6482634a4eeb","2020-02-03 14:07:36","2020-02-03 14:22:36","2020-02-03 14:10:36","2020-02-03","14:10:36","2020","2","14","Natasha","15.00","","600x600","","Interval","Natasha","3","Inactive","Alert","","","","","","","","","","","","","","","","","","",""
"1588","Elk","Jeannette Schwab","f208fba2-acef-49ff-96c2-6482634a4eeb","2020-02-03 14:07:36","2020-02-03 14:22:36","2020-02-03 14:11:36","2020-02-03","14:11:36","2020","2","14","Natasha","15.00","","600x600","","Interval","Natasha","4","Inactive","Alert","","","","","","","","","","","","","","","","","","",""
"1588","Elk","Jeannette Schwab","f208fba2-acef-49ff-96c2-6482634a4eeb","2020-02-03 14:07:36","2020-02-03 14:22:36","2020-02-03 14:12:36","2020-02-03","14:12:36","2020","2","14","Natasha","15.00","","600x600","","Interval","Natasha","5","Inactive","Alert","","","","","","","","","","","","","","","","","","",""
"1588","Elk","Jeannette Schwab","f208fba2-acef-49ff-96c2-6482634a4eeb","2020-02-03 14:07:36","2020-02-03 14:22:36","2020-02-03 14:13:36","2020-02-03","14:13:36","2020","2","14","Natasha","15.00","","600x600","","Interval","Natasha","6","Inactive","Alert","","","","","","","","","","","","","","","","","","",""
"1588","Elk","Jeannette Schwab","f208fba2-acef-49ff-96c2-6482634a4eeb","2020-02-03 14:07:36","2020-02-03 14:22:36","2020-02-03 14:14:36","2020-02-03","14:14:36","2020","2","14","Natasha","15.00","","600x600","","Interval","Natasha","7","Inactive","Alert","","","","","","","","","","","","","","","","","","",""
"1588","Elk","Jeannette Schwab","f208fba2-acef-49ff-96c2-6482634a4eeb","2020-02-03 14:07:36","2020-02-03 14:22:36","2020-02-03 14:15:36","2020-02-03","14:15:36","2020","2","14","Natasha","15.00","","600x600","","Interval","Natasha","8","Inactive","Alert","","","","","","","","","","","","","","","","","","",""
"1588","Elk","Jeannette Schwab","f208fba2-acef-49ff-96c2-6482634a4eeb","2020-02-03 14:07:36","2020-02-03 14:22:36","2020-02-03 14:16:36","2020-02-03","14:16:36","2020","2","14","Natasha","15.00","","600x600","","Interval","Natasha","9","Inactive","Alert","","","","","","","","","","","","","","","","","","",""
"1588","Elk","Jeannette Schwab","f208fba2-acef-49ff-96c2-6482634a4eeb","2020-02-03 14:07:36","2020-02-03 14:22:36","2020-02-03 14:17:36","2020-02-03","14:17:36","2020","2","14","Natasha","15.00","","600x600","","Interval","Natasha","10","Inactive","Alert","","","","","","","","","","","","","","","","","","",""
"1588","Elk","Jeannette Schwab","f208fba2-acef-49ff-96c2-6482634a4eeb","2020-02-03 14:07:36","2020-02-03 14:22:36","2020-02-03 14:18:36","2020-02-03","14:18:36","2020","2","14","Natasha","15.00","","600x600","","Interval","Natasha","11","Inactive","Alert","","","","","","","","","","","","","","","","","","",""
"1588","Elk","Jeannette Schwab","f208fba2-acef-49ff-96c2-6482634a4eeb","2020-02-03 14:07:36","2020-02-03 14:22:36","2020-02-03 14:19:36","2020-02-03","14:19:36","2020","2","14","Natasha","15.00","","600x600","","Interval","Natasha","12","Inactive","Alert","","","","","","","","","","","","","","","","","","",""
"1588","Elk","Jeannette Schwab","f208fba2-acef-49ff-96c2-6482634a4eeb","2020-02-03 14:07:36","2020-02-03 14:22:36","2020-02-03 14:20:36","2020-02-03","14:20:36","2020","2","14","Natasha","15.00","","600x600","","Interval","Natasha","13","Inactive","Alert","","","","","","","","","","","","","","","","","","",""
"1588","Elk","Jeannette Schwab","f208fba2-acef-49ff-96c2-6482634a4eeb","2020-02-03 14:07:36","2020-02-03 14:22:36","2020-02-03 14:21:36","2020-02-03","14:21:36","2020","2","14","Natasha","15.00","","600x600","","Interval","Natasha","14","Inactive","Alert","","","","","","","","Maintenance","Grooming","","","","","","","","","",""
"1588","Elk","Jeannette Schwab","f208fba2-acef-49ff-96c2-6482634a4eeb","2020-02-03 14:07:36","2020-02-03 14:22:36","2020-02-03 14:22:36","2020-02-03","14:22:36","2020","2","14","Natasha","15.00","","600x600","","Interval","Natasha","15","","","Locomotion","Walking","Social","Sniff","","","","","","","","","","","","","","",""
