"SessionID","Configuration Name","Observer","DeviceID","Session Start Time","Session End Time","DateTime","Date","Time","Year","Month","Hour","Project Animals","Duration","Grid Size","Image Size","Notes","Channel Type","Focal Name","Frame Number","Interval Channel 1 Name","Interval Channel 1 Value","Interval Channel 1 Social Modifier","Interval Channel 2 Name","Interval Channel 2 Value"
"912","Pallas Cat","Katie Glatfelter","664aada0-4976-408a-a13f-3f2629c3b099","2019-07-09 14:07:57","2019-07-09 14:22:57","2019-07-09 14:08:57","2019-07-09","14:08:57","2019","7","14","Anya,Mushdog","15.00","","600x600","","Interval","Anya","1","","","","Inactive","resting"
"912","Pallas Cat","Katie Glatfelter","664aada0-4976-408a-a13f-3f2629c3b099","2019-07-09 14:07:57","2019-07-09 14:22:57","2019-07-09 14:08:57","2019-07-09","14:08:57","2019","7","14","Anya,Mushdog","15.00","","600x600","","Interval","Mushdog","1","","","","Inactive","sleeping"
"912","Pallas Cat","Katie Glatfelter","664aada0-4976-408a-a13f-3f2629c3b099","2019-07-09 14:07:57","2019-07-09 14:22:57","2019-07-09 14:09:57","2019-07-09","14:09:57","2019","7","14","Anya,Mushdog","15.00","","600x600","","Interval","Anya","2","","","","Inactive","resting"
"912","Pallas Cat","Katie Glatfelter","664aada0-4976-408a-a13f-3f2629c3b099","2019-07-09 14:07:57","2019-07-09 14:22:57","2019-07-09 14:09:57","2019-07-09","14:09:57","2019","7","14","Anya,Mushdog","15.00","","600x600","","Interval","Mushdog","2","","","","Inactive","sleeping"
"912","Pallas Cat","Katie Glatfelter","664aada0-4976-408a-a13f-3f2629c3b099","2019-07-09 14:07:57","2019-07-09 14:22:57","2019-07-09 14:10:57","2019-07-09","14:10:57","2019","7","14","Anya,Mushdog","15.00","","600x600","","Interval","Anya","3","","","","Inactive","resting"
"912","Pallas Cat","Katie Glatfelter","664aada0-4976-408a-a13f-3f2629c3b099","2019-07-09 14:07:57","2019-07-09 14:22:57","2019-07-09 14:10:57","2019-07-09","14:10:57","2019","7","14","Anya,Mushdog","15.00","","600x600","","Interval","Mushdog","3","","","","Inactive","sleeping"
"912","Pallas Cat","Katie Glatfelter","664aada0-4976-408a-a13f-3f2629c3b099","2019-07-09 14:07:57","2019-07-09 14:22:57","2019-07-09 14:11:57","2019-07-09","14:11:57","2019","7","14","Anya,Mushdog","15.00","","600x600","","Interval","Anya","4","","","","Inactive","resting"
"912","Pallas Cat","Katie Glatfelter","664aada0-4976-408a-a13f-3f2629c3b099","2019-07-09 14:07:57","2019-07-09 14:22:57","2019-07-09 14:11:57","2019-07-09","14:11:57","2019","7","14","Anya,Mushdog","15.00","","600x600","","Interval","Mushdog","4","","","","Inactive","sleeping"
"912","Pallas Cat","Katie Glatfelter","664aada0-4976-408a-a13f-3f2629c3b099","2019-07-09 14:07:57","2019-07-09 14:22:57","2019-07-09 14:12:57","2019-07-09","14:12:57","2019","7","14","Anya,Mushdog","15.00","","600x600","","Interval","Anya","5","","","","Inactive","resting"
"912","Pallas Cat","Katie Glatfelter","664aada0-4976-408a-a13f-3f2629c3b099","2019-07-09 14:07:57","2019-07-09 14:22:57","2019-07-09 14:12:57","2019-07-09","14:12:57","2019","7","14","Anya,Mushdog","15.00","","600x600","","Interval","Mushdog","5","","","","Inactive","sleeping"
"912","Pallas Cat","Katie Glatfelter","664aada0-4976-408a-a13f-3f2629c3b099","2019-07-09 14:07:57","2019-07-09 14:22:57","2019-07-09 14:13:57","2019-07-09","14:13:57","2019","7","14","Anya,Mushdog","15.00","","600x600","","Interval","Anya","6","","","","Inactive","resting"
"912","Pallas Cat","Katie Glatfelter","664aada0-4976-408a-a13f-3f2629c3b099","2019-07-09 14:07:57","2019-07-09 14:22:57","2019-07-09 14:13:57","2019-07-09","14:13:57","2019","7","14","Anya,Mushdog","15.00","","600x600","","Interval","Mushdog","6","","","","Inactive","sleeping"
"912","Pallas Cat","Katie Glatfelter","664aada0-4976-408a-a13f-3f2629c3b099","2019-07-09 14:07:57","2019-07-09 14:22:57","2019-07-09 14:14:57","2019-07-09","14:14:57","2019","7","14","Anya,Mushdog","15.00","","600x600","","Interval","Anya","7","","","","Inactive","resting"
"912","Pallas Cat","Katie Glatfelter","664aada0-4976-408a-a13f-3f2629c3b099","2019-07-09 14:07:57","2019-07-09 14:22:57","2019-07-09 14:14:57","2019-07-09","14:14:57","2019","7","14","Anya,Mushdog","15.00","","600x600","","Interval","Mushdog","7","","","","Inactive","sleeping"
"912","Pallas Cat","Katie Glatfelter","664aada0-4976-408a-a13f-3f2629c3b099","2019-07-09 14:07:57","2019-07-09 14:22:57","2019-07-09 14:15:57","2019-07-09","14:15:57","2019","7","14","Anya,Mushdog","15.00","","600x600","","Interval","Anya","8","","","","Inactive","resting"
"912","Pallas Cat","Katie Glatfelter","664aada0-4976-408a-a13f-3f2629c3b099","2019-07-09 14:07:57","2019-07-09 14:22:57","2019-07-09 14:15:57","2019-07-09","14:15:57","2019","7","14","Anya,Mushdog","15.00","","600x600","","Interval","Mushdog","8","","","","Inactive","sleeping"
"912","Pallas Cat","Katie Glatfelter","664aada0-4976-408a-a13f-3f2629c3b099","2019-07-09 14:07:57","2019-07-09 14:22:57","2019-07-09 14:16:57","2019-07-09","14:16:57","2019","7","14","Anya,Mushdog","15.00","","600x600","","Interval","Anya","9","","","","Inactive","resting"
"912","Pallas Cat","Katie Glatfelter","664aada0-4976-408a-a13f-3f2629c3b099","2019-07-09 14:07:57","2019-07-09 14:22:57","2019-07-09 14:16:57","2019-07-09","14:16:57","2019","7","14","Anya,Mushdog","15.00","","600x600","","Interval","Mushdog","9","","","","Inactive","sleeping"
"912","Pallas Cat","Katie Glatfelter","664aada0-4976-408a-a13f-3f2629c3b099","2019-07-09 14:07:57","2019-07-09 14:22:57","2019-07-09 14:17:57","2019-07-09","14:17:57","2019","7","14","Anya,Mushdog","15.00","","600x600","","Interval","Anya","10","","","","Inactive","resting"
"912","Pallas Cat","Katie Glatfelter","664aada0-4976-408a-a13f-3f2629c3b099","2019-07-09 14:07:57","2019-07-09 14:22:57","2019-07-09 14:17:57","2019-07-09","14:17:57","2019","7","14","Anya,Mushdog","15.00","","600x600","","Interval","Mushdog","10","","","","Inactive","sleeping"
"912","Pallas Cat","Katie Glatfelter","664aada0-4976-408a-a13f-3f2629c3b099","2019-07-09 14:07:57","2019-07-09 14:22:57","2019-07-09 14:18:57","2019-07-09","14:18:57","2019","7","14","Anya,Mushdog","15.00","","600x600","","Interval","Anya","11","","","","Inactive","resting"
"912","Pallas Cat","Katie Glatfelter","664aada0-4976-408a-a13f-3f2629c3b099","2019-07-09 14:07:57","2019-07-09 14:22:57","2019-07-09 14:18:57","2019-07-09","14:18:57","2019","7","14","Anya,Mushdog","15.00","","600x600","","Interval","Mushdog","11","Active","walking","","",""
"912","Pallas Cat","Katie Glatfelter","664aada0-4976-408a-a13f-3f2629c3b099","2019-07-09 14:07:57","2019-07-09 14:22:57","2019-07-09 14:19:57","2019-07-09","14:19:57","2019","7","14","Anya,Mushdog","15.00","","600x600","","Interval","Anya","12","","","","Inactive","resting"
"912","Pallas Cat","Katie Glatfelter","664aada0-4976-408a-a13f-3f2629c3b099","2019-07-09 14:07:57","2019-07-09 14:22:57","2019-07-09 14:19:57","2019-07-09","14:19:57","2019","7","14","Anya,Mushdog","15.00","","600x600","","Interval","Mushdog","12","Active","eating/drinking","","",""
"912","Pallas Cat","Katie Glatfelter","664aada0-4976-408a-a13f-3f2629c3b099","2019-07-09 14:07:57","2019-07-09 14:22:57","2019-07-09 14:20:57","2019-07-09","14:20:57","2019","7","14","Anya,Mushdog","15.00","","600x600","","Interval","Anya","13","Active","grooming","","",""
"912","Pallas Cat","Katie Glatfelter","664aada0-4976-408a-a13f-3f2629c3b099","2019-07-09 14:07:57","2019-07-09 14:22:57","2019-07-09 14:20:57","2019-07-09","14:20:57","2019","7","14","Anya,Mushdog","15.00","","600x600","","Interval","Mushdog","13","","","","Inactive","sitting"
"912","Pallas Cat","Katie Glatfelter","664aada0-4976-408a-a13f-3f2629c3b099","2019-07-09 14:07:57","2019-07-09 14:22:57","2019-07-09 14:21:57","2019-07-09","14:21:57","2019","7","14","Anya,Mushdog","15.00","","600x600","","Interval","Anya","14","","","","Inactive","resting"
"912","Pallas Cat","Katie Glatfelter","664aada0-4976-408a-a13f-3f2629c3b099","2019-07-09 14:07:57","2019-07-09 14:22:57","2019-07-09 14:21:57","2019-07-09","14:21:57","2019","7","14","Anya,Mushdog","15.00","","600x600","","Interval","Mushdog","14","Active","watching conspecific","","",""
"912","Pallas Cat","Katie Glatfelter","664aada0-4976-408a-a13f-3f2629c3b099","2019-07-09 14:07:57","2019-07-09 14:22:57","2019-07-09 14:22:57","2019-07-09","14:22:57","2019","7","14","Anya,Mushdog","15.00","","600x600","","Interval","Anya","15","Active","walking","","",""
"912","Pallas Cat","Katie Glatfelter","664aada0-4976-408a-a13f-3f2629c3b099","2019-07-09 14:07:57","2019-07-09 14:22:57","2019-07-09 14:22:57","2019-07-09","14:22:57","2019","7","14","Anya,Mushdog","15.00","","600x600","","Interval","Mushdog","15","Active","watching conspecific","","",""
"1113","Pallas Cat","Katie Glatfelter","f208fba2-acef-49ff-96c2-6482634a4eeb","2019-07-12 14:39:06","2019-07-12 14:54:06","2019-07-12 14:40:06","2019-07-12","14:40:06","2019","7","14","Anya,Mushdog","15.00","","600x600","","Interval","Anya","1","","","","Inactive","sleeping"
"1113","Pallas Cat","Katie Glatfelter","f208fba2-acef-49ff-96c2-6482634a4eeb","2019-07-12 14:39:06","2019-07-12 14:54:06","2019-07-12 14:40:06","2019-07-12","14:40:06","2019","7","14","Anya,Mushdog","15.00","","600x600","","Interval","Mushdog","1","","","","Inactive","sleeping"
"1113","Pallas Cat","Katie Glatfelter","f208fba2-acef-49ff-96c2-6482634a4eeb","2019-07-12 14:39:06","2019-07-12 14:54:06","2019-07-12 14:41:06","2019-07-12","14:41:06","2019","7","14","Anya,Mushdog","15.00","","600x600","","Interval","Anya","2","","","","Inactive","sleeping"
"1113","Pallas Cat","Katie Glatfelter","f208fba2-acef-49ff-96c2-6482634a4eeb","2019-07-12 14:39:06","2019-07-12 14:54:06","2019-07-12 14:41:06","2019-07-12","14:41:06","2019","7","14","Anya,Mushdog","15.00","","600x600","","Interval","Mushdog","2","","","","Inactive","sleeping"
"1113","Pallas Cat","Katie Glatfelter","f208fba2-acef-49ff-96c2-6482634a4eeb","2019-07-12 14:39:06","2019-07-12 14:54:06","2019-07-12 14:42:06","2019-07-12","14:42:06","2019","7","14","Anya,Mushdog","15.00","","600x600","","Interval","Anya","3","","","","Inactive","sleeping"
"1113","Pallas Cat","Katie Glatfelter","f208fba2-acef-49ff-96c2-6482634a4eeb","2019-07-12 14:39:06","2019-07-12 14:54:06","2019-07-12 14:42:06","2019-07-12","14:42:06","2019","7","14","Anya,Mushdog","15.00","","600x600","","Interval","Mushdog","3","","","","Inactive","sleeping"
"1113","Pallas Cat","Katie Glatfelter","f208fba2-acef-49ff-96c2-6482634a4eeb","2019-07-12 14:39:06","2019-07-12 14:54:06","2019-07-12 14:43:06","2019-07-12","14:43:06","2019","7","14","Anya,Mushdog","15.00","","600x600","","Interval","Anya","4","","","","Inactive","sleeping"
"1113","Pallas Cat","Katie Glatfelter","f208fba2-acef-49ff-96c2-6482634a4eeb","2019-07-12 14:39:06","2019-07-12 14:54:06","2019-07-12 14:43:06","2019-07-12","14:43:06","2019","7","14","Anya,Mushdog","15.00","","600x600","","Interval","Mushdog","4","","","","Inactive","sleeping"
"1113","Pallas Cat","Katie Glatfelter","f208fba2-acef-49ff-96c2-6482634a4eeb","2019-07-12 14:39:06","2019-07-12 14:54:06","2019-07-12 14:44:06","2019-07-12","14:44:06","2019","7","14","Anya,Mushdog","15.00","","600x600","","Interval","Anya","5","","","","Inactive","sleeping"
"1113","Pallas Cat","Katie Glatfelter","f208fba2-acef-49ff-96c2-6482634a4eeb","2019-07-12 14:39:06","2019-07-12 14:54:06","2019-07-12 14:44:06","2019-07-12","14:44:06","2019","7","14","Anya,Mushdog","15.00","","600x600","","Interval","Mushdog","5","","","","Inactive","sleeping"
"1113","Pallas Cat","Katie Glatfelter","f208fba2-acef-49ff-96c2-6482634a4eeb","2019-07-12 14:39:06","2019-07-12 14:54:06","2019-07-12 14:45:06","2019-07-12","14:45:06","2019","7","14","Anya,Mushdog","15.00","","600x600","","Interval","Anya","6","","","","Inactive","sleeping"
"1113","Pallas Cat","Katie Glatfelter","f208fba2-acef-49ff-96c2-6482634a4eeb","2019-07-12 14:39:06","2019-07-12 14:54:06","2019-07-12 14:45:06","2019-07-12","14:45:06","2019","7","14","Anya,Mushdog","15.00","","600x600","","Interval","Mushdog","6","","","","Inactive","sleeping"
"1113","Pallas Cat","Katie Glatfelter","f208fba2-acef-49ff-96c2-6482634a4eeb","2019-07-12 14:39:06","2019-07-12 14:54:06","2019-07-12 14:46:06","2019-07-12","14:46:06","2019","7","14","Anya,Mushdog","15.00","","600x600","","Interval","Anya","7","","","","Inactive","sleeping"
"1113","Pallas Cat","Katie Glatfelter","f208fba2-acef-49ff-96c2-6482634a4eeb","2019-07-12 14:39:06","2019-07-12 14:54:06","2019-07-12 14:46:06","2019-07-12","14:46:06","2019","7","14","Anya,Mushdog","15.00","","600x600","","Interval","Mushdog","7","","","","Inactive","sleeping"
"1113","Pallas Cat","Katie Glatfelter","f208fba2-acef-49ff-96c2-6482634a4eeb","2019-07-12 14:39:06","2019-07-12 14:54:06","2019-07-12 14:47:06","2019-07-12","14:47:06","2019","7","14","Anya,Mushdog","15.00","","600x600","","Interval","Anya","8","","","","Inactive","sleeping"
"1113","Pallas Cat","Katie Glatfelter","f208fba2-acef-49ff-96c2-6482634a4eeb","2019-07-12 14:39:06","2019-07-12 14:54:06","2019-07-12 14:47:06","2019-07-12","14:47:06","2019","7","14","Anya,Mushdog","15.00","","600x600","","Interval","Mushdog","8","","","","Inactive","sleeping"
"1113","Pallas Cat","Katie Glatfelter","f208fba2-acef-49ff-96c2-6482634a4eeb","2019-07-12 14:39:06","2019-07-12 14:54:06","2019-07-12 14:48:06","2019-07-12","14:48:06","2019","7","14","Anya,Mushdog","15.00","","600x600","","Interval","Anya","9","","","","Inactive","sleeping"
"1113","Pallas Cat","Katie Glatfelter","f208fba2-acef-49ff-96c2-6482634a4eeb","2019-07-12 14:39:06","2019-07-12 14:54:06","2019-07-12 14:48:06","2019-07-12","14:48:06","2019","7","14","Anya,Mushdog","15.00","","600x600","","Interval","Mushdog","9","","","","Inactive","sleeping"
"1113","Pallas Cat","Katie Glatfelter","f208fba2-acef-49ff-96c2-6482634a4eeb","2019-07-12 14:39:06","2019-07-12 14:54:06","2019-07-12 14:49:06","2019-07-12","14:49:06","2019","7","14","Anya,Mushdog","15.00","","600x600","","Interval","Anya","10","","","","Inactive","sleeping"
"1113","Pallas Cat","Katie Glatfelter","f208fba2-acef-49ff-96c2-6482634a4eeb","2019-07-12 14:39:06","2019-07-12 14:54:06","2019-07-12 14:49:06","2019-07-12","14:49:06","2019","7","14","Anya,Mushdog","15.00","","600x600","","Interval","Mushdog","10","","","","Inactive","sleeping"
"1113","Pallas Cat","Katie Glatfelter","f208fba2-acef-49ff-96c2-6482634a4eeb","2019-07-12 14:39:06","2019-07-12 14:54:06","2019-07-12 14:50:06","2019-07-12","14:50:06","2019","7","14","Anya,Mushdog","15.00","","600x600","","Interval","Anya","11","","","","Inactive","sleeping"
"1113","Pallas Cat","Katie Glatfelter","f208fba2-acef-49ff-96c2-6482634a4eeb","2019-07-12 14:39:06","2019-07-12 14:54:06","2019-07-12 14:50:06","2019-07-12","14:50:06","2019","7","14","Anya,Mushdog","15.00","","600x600","","Interval","Mushdog","11","","","","Inactive","sleeping"
"1113","Pallas Cat","Katie Glatfelter","f208fba2-acef-49ff-96c2-6482634a4eeb","2019-07-12 14:39:06","2019-07-12 14:54:06","2019-07-12 14:51:06","2019-07-12","14:51:06","2019","7","14","Anya,Mushdog","15.00","","600x600","","Interval","Anya","12","","","","Inactive","sleeping"
"1113","Pallas Cat","Katie Glatfelter","f208fba2-acef-49ff-96c2-6482634a4eeb","2019-07-12 14:39:06","2019-07-12 14:54:06","2019-07-12 14:51:06","2019-07-12","14:51:06","2019","7","14","Anya,Mushdog","15.00","","600x600","","Interval","Mushdog","12","","","","Inactive","sleeping"
"1113","Pallas Cat","Katie Glatfelter","f208fba2-acef-49ff-96c2-6482634a4eeb","2019-07-12 14:39:06","2019-07-12 14:54:06","2019-07-12 14:52:06","2019-07-12","14:52:06","2019","7","14","Anya,Mushdog","15.00","","600x600","","Interval","Anya","13","","","","Inactive","sleeping"
"1113","Pallas Cat","Katie Glatfelter","f208fba2-acef-49ff-96c2-6482634a4eeb","2019-07-12 14:39:06","2019-07-12 14:54:06","2019-07-12 14:52:06","2019-07-12","14:52:06","2019","7","14","Anya,Mushdog","15.00","","600x600","","Interval","Mushdog","13","","","","Inactive","sleeping"
"1113","Pallas Cat","Katie Glatfelter","f208fba2-acef-49ff-96c2-6482634a4eeb","2019-07-12 14:39:06","2019-07-12 14:54:06","2019-07-12 14:53:06","2019-07-12","14:53:06","2019","7","14","Anya,Mushdog","15.00","","600x600","","Interval","Anya","14","","","","Inactive","sleeping"
"1113","Pallas Cat","Katie Glatfelter","f208fba2-acef-49ff-96c2-6482634a4eeb","2019-07-12 14:39:06","2019-07-12 14:54:06","2019-07-12 14:53:06","2019-07-12","14:53:06","2019","7","14","Anya,Mushdog","15.00","","600x600","","Interval","Mushdog","14","","","","Inactive","sleeping"
"1113","Pallas Cat","Katie Glatfelter","f208fba2-acef-49ff-96c2-6482634a4eeb","2019-07-12 14:39:06","2019-07-12 14:54:06","2019-07-12 14:54:06","2019-07-12","14:54:06","2019","7","14","Anya,Mushdog","15.00","","600x600","","Interval","Anya","15","","","","Inactive","sleeping"
"1113","Pallas Cat","Katie Glatfelter","f208fba2-acef-49ff-96c2-6482634a4eeb","2019-07-12 14:39:06","2019-07-12 14:54:06","2019-07-12 14:54:06","2019-07-12","14:54:06","2019","7","14","Anya,Mushdog","15.00","","600x600","","Interval","Mushdog","15","","","","Inactive","sleeping"
"1122","Pallas Cat","Hollie David","f208fba2-acef-49ff-96c2-6482634a4eeb","2019-07-14 14:25:44","2019-07-14 14:40:44","2019-07-14 14:26:44","2019-07-14","14:26:44","2019","7","14","Anya,Mushdog","15.00","","600x600","","Interval","Anya","1","Active","watching conspecific","","",""
"1122","Pallas Cat","Hollie David","f208fba2-acef-49ff-96c2-6482634a4eeb","2019-07-14 14:25:44","2019-07-14 14:40:44","2019-07-14 14:26:44","2019-07-14","14:26:44","2019","7","14","Anya,Mushdog","15.00","","600x600","","Interval","Mushdog","1","","","","Inactive","resting on rock wall/perching"
"1122","Pallas Cat","Hollie David","f208fba2-acef-49ff-96c2-6482634a4eeb","2019-07-14 14:25:44","2019-07-14 14:40:44","2019-07-14 14:27:44","2019-07-14","14:27:44","2019","7","14","Anya,Mushdog","15.00","","600x600","","Interval","Anya","2","","","","Inactive","sitting"
"1122","Pallas Cat","Hollie David","f208fba2-acef-49ff-96c2-6482634a4eeb","2019-07-14 14:25:44","2019-07-14 14:40:44","2019-07-14 14:27:44","2019-07-14","14:27:44","2019","7","14","Anya,Mushdog","15.00","","600x600","","Interval","Mushdog","2","","","","Inactive","resting on rock wall/perching"
"1122","Pallas Cat","Hollie David","f208fba2-acef-49ff-96c2-6482634a4eeb","2019-07-14 14:25:44","2019-07-14 14:40:44","2019-07-14 14:28:44","2019-07-14","14:28:44","2019","7","14","Anya,Mushdog","15.00","","600x600","","Interval","Anya","3","Active","watching conspecific","","Inactive","sitting"
"1122","Pallas Cat","Hollie David","f208fba2-acef-49ff-96c2-6482634a4eeb","2019-07-14 14:25:44","2019-07-14 14:40:44","2019-07-14 14:28:44","2019-07-14","14:28:44","2019","7","14","Anya,Mushdog","15.00","","600x600","","Interval","Mushdog","3","","","","Inactive","resting on rock wall/perching"
"1122","Pallas Cat","Hollie David","f208fba2-acef-49ff-96c2-6482634a4eeb","2019-07-14 14:25:44","2019-07-14 14:40:44","2019-07-14 14:29:44","2019-07-14","14:29:44","2019","7","14","Anya,Mushdog","15.00","","600x600","","Interval","Anya","4","","","","Inactive","sitting"
"1122","Pallas Cat","Hollie David","f208fba2-acef-49ff-96c2-6482634a4eeb","2019-07-14 14:25:44","2019-07-14 14:40:44","2019-07-14 14:29:44","2019-07-14","14:29:44","2019","7","14","Anya,Mushdog","15.00","","600x600","","Interval","Mushdog","4","","","","Inactive","resting on rock wall/perching"
"1122","Pallas Cat","Hollie David","f208fba2-acef-49ff-96c2-6482634a4eeb","2019-07-14 14:25:44","2019-07-14 14:40:44","2019-07-14 14:30:44","2019-07-14","14:30:44","2019","7","14","Anya,Mushdog","15.00","","600x600","","Interval","Anya","5","Active","watching conspecific","","Inactive","sitting"
"1122","Pallas Cat","Hollie David","f208fba2-acef-49ff-96c2-6482634a4eeb","2019-07-14 14:25:44","2019-07-14 14:40:44","2019-07-14 14:30:44","2019-07-14","14:30:44","2019","7","14","Anya,Mushdog","15.00","","600x600","","Interval","Mushdog","5","","","","Inactive","resting on rock wall/perching"
"1122","Pallas Cat","Hollie David","f208fba2-acef-49ff-96c2-6482634a4eeb","2019-07-14 14:25:44","2019-07-14 14:40:44","2019-07-14 14:31:44","2019-07-14","14:31:44","2019","7","14","Anya,Mushdog","15.00","","600x600","","Interval","Anya","6","","","","Inactive","sitting"
"1122","Pallas Cat","Hollie David","f208fba2-acef-49ff-96c2-6482634a4eeb","2019-07-14 14:25:44","2019-07-14 14:40:44","2019-07-14 14:31:44","2019-07-14","14:31:44","2019","7","14","Anya,Mushdog","15.00","","600x600","","Interval","Mushdog","6","","","","Inactive","resting on rock wall/perching"
"1122","Pallas Cat","Hollie David","f208fba2-acef-49ff-96c2-6482634a4eeb","2019-07-14 14:25:44","2019-07-14 14:40:44","2019-07-14 14:32:44","2019-07-14","14:32:44","2019","7","14","Anya,Mushdog","15.00","","600x600","","Interval","Anya","7","Active","watching conspecific","","Inactive","sitting"
"1122","Pallas Cat","Hollie David","f208fba2-acef-49ff-96c2-6482634a4eeb","2019-07-14 14:25:44","2019-07-14 14:40:44","2019-07-14 14:32:44","2019-07-14","14:32:44","2019","7","14","Anya,Mushdog","15.00","","600x600","","Interval","Mushdog","7","","","","Inactive","resting on rock wall/perching"
"1122","Pallas Cat","Hollie David","f208fba2-acef-49ff-96c2-6482634a4eeb","2019-07-14 14:25:44","2019-07-14 14:40:44","2019-07-14 14:33:44","2019-07-14","14:33:44","2019","7","14","Anya,Mushdog","15.00","","600x600","","Interval","Anya","8","","","","Inactive","sitting"
"1122","Pallas Cat","Hollie David","f208fba2-acef-49ff-96c2-6482634a4eeb","2019-07-14 14:25:44","2019-07-14 14:40:44","2019-07-14 14:33:44","2019-07-14","14:33:44","2019","7","14","Anya,Mushdog","15.00","","600x600","","Interval","Mushdog","8","","","","Inactive","resting on rock wall/perching"
"1122","Pallas Cat","Hollie David","f208fba2-acef-49ff-96c2-6482634a4eeb","2019-07-14 14:25:44","2019-07-14 14:40:44","2019-07-14 14:34:44","2019-07-14","14:34:44","2019","7","14","Anya,Mushdog","15.00","","600x600","","Interval","Anya","9","Active","watching conspecific","","Inactive","sitting"
"1122","Pallas Cat","Hollie David","f208fba2-acef-49ff-96c2-6482634a4eeb","2019-07-14 14:25:44","2019-07-14 14:40:44","2019-07-14 14:34:44","2019-07-14","14:34:44","2019","7","14","Anya,Mushdog","15.00","","600x600","","Interval","Mushdog","9","","","","Inactive","resting on rock wall/perching"
"1122","Pallas Cat","Hollie David","f208fba2-acef-49ff-96c2-6482634a4eeb","2019-07-14 14:25:44","2019-07-14 14:40:44","2019-07-14 14:35:44","2019-07-14","14:35:44","2019","7","14","Anya,Mushdog","15.00","","600x600","","Interval","Anya","10","Active","watching conspecific","","Inactive","sitting"
"1122","Pallas Cat","Hollie David","f208fba2-acef-49ff-96c2-6482634a4eeb","2019-07-14 14:25:44","2019-07-14 14:40:44","2019-07-14 14:35:44","2019-07-14","14:35:44","2019","7","14","Anya,Mushdog","15.00","","600x600","","Interval","Mushdog","10","","","","Inactive","resting on rock wall/perching"
"1122","Pallas Cat","Hollie David","f208fba2-acef-49ff-96c2-6482634a4eeb","2019-07-14 14:25:44","2019-07-14 14:40:44","2019-07-14 14:36:44","2019-07-14","14:36:44","2019","7","14","Anya,Mushdog","15.00","","600x600","","Interval","Anya","11","","","","Inactive","sitting"
"1122","Pallas Cat","Hollie David","f208fba2-acef-49ff-96c2-6482634a4eeb","2019-07-14 14:25:44","2019-07-14 14:40:44","2019-07-14 14:36:44","2019-07-14","14:36:44","2019","7","14","Anya,Mushdog","15.00","","600x600","","Interval","Mushdog","11","","","","Inactive","resting on rock wall/perching"
"1122","Pallas Cat","Hollie David","f208fba2-acef-49ff-96c2-6482634a4eeb","2019-07-14 14:25:44","2019-07-14 14:40:44","2019-07-14 14:37:44","2019-07-14","14:37:44","2019","7","14","Anya,Mushdog","15.00","","600x600","","Interval","Anya","12","","","","Inactive","sitting"
"1122","Pallas Cat","Hollie David","f208fba2-acef-49ff-96c2-6482634a4eeb","2019-07-14 14:25:44","2019-07-14 14:40:44","2019-07-14 14:37:44","2019-07-14","14:37:44","2019","7","14","Anya,Mushdog","15.00","","600x600","","Interval","Mushdog","12","","","","Inactive","resting on rock wall/perching"
"1122","Pallas Cat","Hollie David","f208fba2-acef-49ff-96c2-6482634a4eeb","2019-07-14 14:25:44","2019-07-14 14:40:44","2019-07-14 14:38:44","2019-07-14","14:38:44","2019","7","14","Anya,Mushdog","15.00","","600x600","","Interval","Anya","13","","","","Inactive","sitting"
"1122","Pallas Cat","Hollie David","f208fba2-acef-49ff-96c2-6482634a4eeb","2019-07-14 14:25:44","2019-07-14 14:40:44","2019-07-14 14:38:44","2019-07-14","14:38:44","2019","7","14","Anya,Mushdog","15.00","","600x600","","Interval","Mushdog","13","","","","Inactive","resting on rock wall/perching"
"1122","Pallas Cat","Hollie David","f208fba2-acef-49ff-96c2-6482634a4eeb","2019-07-14 14:25:44","2019-07-14 14:40:44","2019-07-14 14:39:44","2019-07-14","14:39:44","2019","7","14","Anya,Mushdog","15.00","","600x600","","Interval","Anya","14","","","","Inactive","sitting"
"1122","Pallas Cat","Hollie David","f208fba2-acef-49ff-96c2-6482634a4eeb","2019-07-14 14:25:44","2019-07-14 14:40:44","2019-07-14 14:39:44","2019-07-14","14:39:44","2019","7","14","Anya,Mushdog","15.00","","600x600","","Interval","Mushdog","14","","","","Inactive","resting on rock wall/perching"
"1122","Pallas Cat","Hollie David","f208fba2-acef-49ff-96c2-6482634a4eeb","2019-07-14 14:25:44","2019-07-14 14:40:44","2019-07-14 14:40:44","2019-07-14","14:40:44","2019","7","14","Anya,Mushdog","15.00","","600x600","","Interval","Anya","15","Active","watching conspecific","","Inactive","sitting"
"1122","Pallas Cat","Hollie David","f208fba2-acef-49ff-96c2-6482634a4eeb","2019-07-14 14:25:44","2019-07-14 14:40:44","2019-07-14 14:40:44","2019-07-14","14:40:44","2019","7","14","Anya,Mushdog","15.00","","600x600","","Interval","Mushdog","15","","","","Inactive","resting on rock wall/perching"
"934","Pallas Cat","Brittany Merlo","664aada0-4976-408a-a13f-3f2629c3b099","2019-07-15 11:01:41","2019-07-15 11:16:41","2019-07-15 11:02:41","2019-07-15","11:02:41","2019","7","11","Anya,Mushdog","15.00","","600x600","","Interval","Anya","1","","","","Inactive","sitting"
"934","Pallas Cat","Brittany Merlo","664aada0-4976-408a-a13f-3f2629c3b099","2019-07-15 11:01:41","2019-07-15 11:16:41","2019-07-15 11:02:41","2019-07-15","11:02:41","2019","7","11","Anya,Mushdog","15.00","","600x600","","Interval","Mushdog","1","","","","Inactive","sleeping"
"934","Pallas Cat","Brittany Merlo","664aada0-4976-408a-a13f-3f2629c3b099","2019-07-15 11:01:41","2019-07-15 11:16:41","2019-07-15 11:03:41","2019-07-15","11:03:41","2019","7","11","Anya,Mushdog","15.00","","600x600","","Interval","Anya","2","","","","Inactive","resting on rock wall/perching"
"934","Pallas Cat","Brittany Merlo","664aada0-4976-408a-a13f-3f2629c3b099","2019-07-15 11:01:41","2019-07-15 11:16:41","2019-07-15 11:03:41","2019-07-15","11:03:41","2019","7","11","Anya,Mushdog","15.00","","600x600","","Interval","Mushdog","2","","","","Inactive","sleeping"
"934","Pallas Cat","Brittany Merlo","664aada0-4976-408a-a13f-3f2629c3b099","2019-07-15 11:01:41","2019-07-15 11:16:41","2019-07-15 11:04:41","2019-07-15","11:04:41","2019","7","11","Anya,Mushdog","15.00","","600x600","","Interval","Anya","3","","","","Inactive","resting on rock wall/perching"
"934","Pallas Cat","Brittany Merlo","664aada0-4976-408a-a13f-3f2629c3b099","2019-07-15 11:01:41","2019-07-15 11:16:41","2019-07-15 11:04:41","2019-07-15","11:04:41","2019","7","11","Anya,Mushdog","15.00","","600x600","","Interval","Mushdog","3","","","","Inactive","sleeping"
"934","Pallas Cat","Brittany Merlo","664aada0-4976-408a-a13f-3f2629c3b099","2019-07-15 11:01:41","2019-07-15 11:16:41","2019-07-15 11:05:41","2019-07-15","11:05:41","2019","7","11","Anya,Mushdog","15.00","","600x600","","Interval","Anya","4","","","","Inactive","sitting"
"934","Pallas Cat","Brittany Merlo","664aada0-4976-408a-a13f-3f2629c3b099","2019-07-15 11:01:41","2019-07-15 11:16:41","2019-07-15 11:05:41","2019-07-15","11:05:41","2019","7","11","Anya,Mushdog","15.00","","600x600","","Interval","Mushdog","4","","","","Inactive","sleeping"
"934","Pallas Cat","Brittany Merlo","664aada0-4976-408a-a13f-3f2629c3b099","2019-07-15 11:01:41","2019-07-15 11:16:41","2019-07-15 11:06:41","2019-07-15","11:06:41","2019","7","11","Anya,Mushdog","15.00","","600x600","","Interval","Anya","5","","","","Inactive","resting on rock wall/perching"
"934","Pallas Cat","Brittany Merlo","664aada0-4976-408a-a13f-3f2629c3b099","2019-07-15 11:01:41","2019-07-15 11:16:41","2019-07-15 11:06:41","2019-07-15","11:06:41","2019","7","11","Anya,Mushdog","15.00","","600x600","","Interval","Mushdog","5","","","","Inactive","sleeping"
"934","Pallas Cat","Brittany Merlo","664aada0-4976-408a-a13f-3f2629c3b099","2019-07-15 11:01:41","2019-07-15 11:16:41","2019-07-15 11:07:41","2019-07-15","11:07:41","2019","7","11","Anya,Mushdog","15.00","","600x600","","Interval","Anya","6","","","","Inactive","resting on rock wall/perching"
"934","Pallas Cat","Brittany Merlo","664aada0-4976-408a-a13f-3f2629c3b099","2019-07-15 11:01:41","2019-07-15 11:16:41","2019-07-15 11:07:41","2019-07-15","11:07:41","2019","7","11","Anya,Mushdog","15.00","","600x600","","Interval","Mushdog","6","","","","Inactive","sleeping"
"934","Pallas Cat","Brittany Merlo","664aada0-4976-408a-a13f-3f2629c3b099","2019-07-15 11:01:41","2019-07-15 11:16:41","2019-07-15 11:08:41","2019-07-15","11:08:41","2019","7","11","Anya,Mushdog","15.00","","600x600","","Interval","Mushdog","7","","","","Inactive","resting on rock wall/perching"
"934","Pallas Cat","Brittany Merlo","664aada0-4976-408a-a13f-3f2629c3b099","2019-07-15 11:01:41","2019-07-15 11:16:41","2019-07-15 11:09:41","2019-07-15","11:09:41","2019","7","11","Anya,Mushdog","15.00","","600x600","","Interval","Anya","8","","","","Inactive","resting on rock wall/perching"
"934","Pallas Cat","Brittany Merlo","664aada0-4976-408a-a13f-3f2629c3b099","2019-07-15 11:01:41","2019-07-15 11:16:41","2019-07-15 11:09:41","2019-07-15","11:09:41","2019","7","11","Anya,Mushdog","15.00","","600x600","","Interval","Mushdog","8","","","","Inactive","sleeping"
"934","Pallas Cat","Brittany Merlo","664aada0-4976-408a-a13f-3f2629c3b099","2019-07-15 11:01:41","2019-07-15 11:16:41","2019-07-15 11:10:41","2019-07-15","11:10:41","2019","7","11","Anya,Mushdog","15.00","","600x600","","Interval","Anya","9","","","","Inactive","resting on rock wall/perching"
"934","Pallas Cat","Brittany Merlo","664aada0-4976-408a-a13f-3f2629c3b099","2019-07-15 11:01:41","2019-07-15 11:16:41","2019-07-15 11:10:41","2019-07-15","11:10:41","2019","7","11","Anya,Mushdog","15.00","","600x600","","Interval","Mushdog","9","","","","Inactive","sleeping"
"934","Pallas Cat","Brittany Merlo","664aada0-4976-408a-a13f-3f2629c3b099","2019-07-15 11:01:41","2019-07-15 11:16:41","2019-07-15 11:11:41","2019-07-15","11:11:41","2019","7","11","Anya,Mushdog","15.00","","600x600","","Interval","Anya","10","","","","Inactive","resting on rock wall/perching"
"934","Pallas Cat","Brittany Merlo","664aada0-4976-408a-a13f-3f2629c3b099","2019-07-15 11:01:41","2019-07-15 11:16:41","2019-07-15 11:11:41","2019-07-15","11:11:41","2019","7","11","Anya,Mushdog","15.00","","600x600","","Interval","Mushdog","10","","","","Inactive","sleeping"
"934","Pallas Cat","Brittany Merlo","664aada0-4976-408a-a13f-3f2629c3b099","2019-07-15 11:01:41","2019-07-15 11:16:41","2019-07-15 11:12:41","2019-07-15","11:12:41","2019","7","11","Anya,Mushdog","15.00","","600x600","","Interval","Anya","11","","","","Inactive","resting on rock wall/perching"
"934","Pallas Cat","Brittany Merlo","664aada0-4976-408a-a13f-3f2629c3b099","2019-07-15 11:01:41","2019-07-15 11:16:41","2019-07-15 11:12:41","2019-07-15","11:12:41","2019","7","11","Anya,Mushdog","15.00","","600x600","","Interval","Mushdog","11","","","","Inactive","sleeping"
"934","Pallas Cat","Brittany Merlo","664aada0-4976-408a-a13f-3f2629c3b099","2019-07-15 11:01:41","2019-07-15 11:16:41","2019-07-15 11:13:41","2019-07-15","11:13:41","2019","7","11","Anya,Mushdog","15.00","","600x600","","Interval","Anya","12","","","","Inactive","sleeping"
"934","Pallas Cat","Brittany Merlo","664aada0-4976-408a-a13f-3f2629c3b099","2019-07-15 11:01:41","2019-07-15 11:16:41","2019-07-15 11:13:41","2019-07-15","11:13:41","2019","7","11","Anya,Mushdog","15.00","","600x600","","Interval","Mushdog","12","","","","Inactive","sleeping"
"934","Pallas Cat","Brittany Merlo","664aada0-4976-408a-a13f-3f2629c3b099","2019-07-15 11:01:41","2019-07-15 11:16:41","2019-07-15 11:14:41","2019-07-15","11:14:41","2019","7","11","Anya,Mushdog","15.00","","600x600","","Interval","Anya","13","","","","Inactive","sleeping"
"934","Pallas Cat","Brittany Merlo","664aada0-4976-408a-a13f-3f2629c3b099","2019-07-15 11:01:41","2019-07-15 11:16:41","2019-07-15 11:14:41","2019-07-15","11:14:41","2019","7","11","Anya,Mushdog","15.00","","600x600","","Interval","Mushdog","13","","","","Inactive","sleeping"
"934","Pallas Cat","Brittany Merlo","664aada0-4976-408a-a13f-3f2629c3b099","2019-07-15 11:01:41","2019-07-15 11:16:41","2019-07-15 11:15:41","2019-07-15","11:15:41","2019","7","11","Anya,Mushdog","15.00","","600x600","","Interval","Anya","14","","","","Inactive","sleeping"
"934","Pallas Cat","Brittany Merlo","664aada0-4976-408a-a13f-3f2629c3b099","2019-07-15 11:01:41","2019-07-15 11:16:41","2019-07-15 11:15:41","2019-07-15","11:15:41","2019","7","11","Anya,Mushdog","15.00","","600x600","","Interval","Mushdog","14","","","","Inactive","sleeping"
"934","Pallas Cat","Brittany Merlo","664aada0-4976-408a-a13f-3f2629c3b099","2019-07-15 11:01:41","2019-07-15 11:16:41","2019-07-15 11:16:41","2019-07-15","11:16:41","2019","7","11","Anya,Mushdog","15.00","","600x600","","Interval","Anya","15","","","","Inactive","sleeping"
"934","Pallas Cat","Brittany Merlo","664aada0-4976-408a-a13f-3f2629c3b099","2019-07-15 11:01:41","2019-07-15 11:16:41","2019-07-15 11:16:41","2019-07-15","11:16:41","2019","7","11","Anya,Mushdog","15.00","","600x600","","Interval","Mushdog","15","","","","Inactive","sleeping"
"936","Pallas Cat","Katie Glatfelter","664aada0-4976-408a-a13f-3f2629c3b099","2019-07-16 07:14:15","2019-07-16 07:17:31","2019-07-16 07:15:15","2019-07-16","07:15:15","2019","7","7","Anya,Mushdog","15.00","","600x600","","Interval","Anya","1","","","","Inactive","sitting"
"936","Pallas Cat","Katie Glatfelter","664aada0-4976-408a-a13f-3f2629c3b099","2019-07-16 07:14:15","2019-07-16 07:17:31","2019-07-16 07:15:15","2019-07-16","07:15:15","2019","7","7","Anya,Mushdog","15.00","","600x600","","Interval","Mushdog","1","Active","walking","","",""
"936","Pallas Cat","Katie Glatfelter","664aada0-4976-408a-a13f-3f2629c3b099","2019-07-16 07:14:15","2019-07-16 07:17:31","2019-07-16 07:16:15","2019-07-16","07:16:15","2019","7","7","Anya,Mushdog","15.00","","600x600","","Interval","Anya","2","","","","Inactive","sitting"
"936","Pallas Cat","Katie Glatfelter","664aada0-4976-408a-a13f-3f2629c3b099","2019-07-16 07:14:15","2019-07-16 07:17:31","2019-07-16 07:16:15","2019-07-16","07:16:15","2019","7","7","Anya,Mushdog","15.00","","600x600","","Interval","Mushdog","2","","","","Inactive","sitting"
"936","Pallas Cat","Katie Glatfelter","664aada0-4976-408a-a13f-3f2629c3b099","2019-07-16 07:14:15","2019-07-16 07:17:31","2019-07-16 07:17:15","2019-07-16","07:17:15","2019","7","7","Anya,Mushdog","15.00","","600x600","","Interval","Anya","3","","","","Inactive","sitting"
"936","Pallas Cat","Katie Glatfelter","664aada0-4976-408a-a13f-3f2629c3b099","2019-07-16 07:14:15","2019-07-16 07:17:31","2019-07-16 07:17:15","2019-07-16","07:17:15","2019","7","7","Anya,Mushdog","15.00","","600x600","","Interval","Mushdog","3","","","","Inactive","sitting"
"940","Pallas Cat","Katie Glatfelter","664aada0-4976-408a-a13f-3f2629c3b099","2019-07-17 09:56:27","2019-07-17 10:11:27","2019-07-17 09:57:27","2019-07-17","09:57:27","2019","7","9","Anya,Mushdog","15.00","","600x600","","Interval","Anya","1","","","","Inactive","resting"
"940","Pallas Cat","Katie Glatfelter","664aada0-4976-408a-a13f-3f2629c3b099","2019-07-17 09:56:27","2019-07-17 10:11:27","2019-07-17 09:57:27","2019-07-17","09:57:27","2019","7","9","Anya,Mushdog","15.00","","600x600","","Interval","Mushdog","1","","","","Inactive","sleeping"
"940","Pallas Cat","Katie Glatfelter","664aada0-4976-408a-a13f-3f2629c3b099","2019-07-17 09:56:27","2019-07-17 10:11:27","2019-07-17 09:58:27","2019-07-17","09:58:27","2019","7","9","Anya,Mushdog","15.00","","600x600","","Interval","Anya","2","","","","Inactive","resting"
"940","Pallas Cat","Katie Glatfelter","664aada0-4976-408a-a13f-3f2629c3b099","2019-07-17 09:56:27","2019-07-17 10:11:27","2019-07-17 09:58:27","2019-07-17","09:58:27","2019","7","9","Anya,Mushdog","15.00","","600x600","","Interval","Mushdog","2","","","","Inactive","sleeping"
"940","Pallas Cat","Katie Glatfelter","664aada0-4976-408a-a13f-3f2629c3b099","2019-07-17 09:56:27","2019-07-17 10:11:27","2019-07-17 09:59:27","2019-07-17","09:59:27","2019","7","9","Anya,Mushdog","15.00","","600x600","","Interval","Anya","3","","","","Inactive","resting"
"940","Pallas Cat","Katie Glatfelter","664aada0-4976-408a-a13f-3f2629c3b099","2019-07-17 09:56:27","2019-07-17 10:11:27","2019-07-17 09:59:27","2019-07-17","09:59:27","2019","7","9","Anya,Mushdog","15.00","","600x600","","Interval","Mushdog","3","","","","Inactive","sleeping"
"940","Pallas Cat","Katie Glatfelter","664aada0-4976-408a-a13f-3f2629c3b099","2019-07-17 09:56:27","2019-07-17 10:11:27","2019-07-17 10:00:27","2019-07-17","10:00:27","2019","7","10","Anya,Mushdog","15.00","","600x600","","Interval","Anya","4","","","","Inactive","resting"
"940","Pallas Cat","Katie Glatfelter","664aada0-4976-408a-a13f-3f2629c3b099","2019-07-17 09:56:27","2019-07-17 10:11:27","2019-07-17 10:00:27","2019-07-17","10:00:27","2019","7","10","Anya,Mushdog","15.00","","600x600","","Interval","Mushdog","4","","","","Inactive","sleeping"
"940","Pallas Cat","Katie Glatfelter","664aada0-4976-408a-a13f-3f2629c3b099","2019-07-17 09:56:27","2019-07-17 10:11:27","2019-07-17 10:01:27","2019-07-17","10:01:27","2019","7","10","Anya,Mushdog","15.00","","600x600","","Interval","Anya","5","","","","Inactive","resting"
"940","Pallas Cat","Katie Glatfelter","664aada0-4976-408a-a13f-3f2629c3b099","2019-07-17 09:56:27","2019-07-17 10:11:27","2019-07-17 10:01:27","2019-07-17","10:01:27","2019","7","10","Anya,Mushdog","15.00","","600x600","","Interval","Mushdog","5","","","","Inactive","sleeping"
"940","Pallas Cat","Katie Glatfelter","664aada0-4976-408a-a13f-3f2629c3b099","2019-07-17 09:56:27","2019-07-17 10:11:27","2019-07-17 10:02:27","2019-07-17","10:02:27","2019","7","10","Anya,Mushdog","15.00","","600x600","","Interval","Anya","6","","","","Inactive","resting"
"940","Pallas Cat","Katie Glatfelter","664aada0-4976-408a-a13f-3f2629c3b099","2019-07-17 09:56:27","2019-07-17 10:11:27","2019-07-17 10:02:27","2019-07-17","10:02:27","2019","7","10","Anya,Mushdog","15.00","","600x600","","Interval","Mushdog","6","","","","Inactive","sleeping"
"940","Pallas Cat","Katie Glatfelter","664aada0-4976-408a-a13f-3f2629c3b099","2019-07-17 09:56:27","2019-07-17 10:11:27","2019-07-17 10:03:27","2019-07-17","10:03:27","2019","7","10","Anya,Mushdog","15.00","","600x600","","Interval","Anya","7","","","","Inactive","resting"
"940","Pallas Cat","Katie Glatfelter","664aada0-4976-408a-a13f-3f2629c3b099","2019-07-17 09:56:27","2019-07-17 10:11:27","2019-07-17 10:03:27","2019-07-17","10:03:27","2019","7","10","Anya,Mushdog","15.00","","600x600","","Interval","Mushdog","7","","","","Inactive","sleeping"
"940","Pallas Cat","Katie Glatfelter","664aada0-4976-408a-a13f-3f2629c3b099","2019-07-17 09:56:27","2019-07-17 10:11:27","2019-07-17 10:04:27","2019-07-17","10:04:27","2019","7","10","Anya,Mushdog","15.00","","600x600","","Interval","Anya","8","","","","Inactive","resting"
"940","Pallas Cat","Katie Glatfelter","664aada0-4976-408a-a13f-3f2629c3b099","2019-07-17 09:56:27","2019-07-17 10:11:27","2019-07-17 10:04:27","2019-07-17","10:04:27","2019","7","10","Anya,Mushdog","15.00","","600x600","","Interval","Mushdog","8","","","","Inactive","sleeping"
"940","Pallas Cat","Katie Glatfelter","664aada0-4976-408a-a13f-3f2629c3b099","2019-07-17 09:56:27","2019-07-17 10:11:27","2019-07-17 10:05:27","2019-07-17","10:05:27","2019","7","10","Anya,Mushdog","15.00","","600x600","","Interval","Anya","9","","","","Inactive","resting"
"940","Pallas Cat","Katie Glatfelter","664aada0-4976-408a-a13f-3f2629c3b099","2019-07-17 09:56:27","2019-07-17 10:11:27","2019-07-17 10:05:27","2019-07-17","10:05:27","2019","7","10","Anya,Mushdog","15.00","","600x600","","Interval","Mushdog","9","","","","Inactive","sleeping"
"940","Pallas Cat","Katie Glatfelter","664aada0-4976-408a-a13f-3f2629c3b099","2019-07-17 09:56:27","2019-07-17 10:11:27","2019-07-17 10:06:27","2019-07-17","10:06:27","2019","7","10","Anya,Mushdog","15.00","","600x600","","Interval","Anya","10","","","","Inactive","resting"
"940","Pallas Cat","Katie Glatfelter","664aada0-4976-408a-a13f-3f2629c3b099","2019-07-17 09:56:27","2019-07-17 10:11:27","2019-07-17 10:06:27","2019-07-17","10:06:27","2019","7","10","Anya,Mushdog","15.00","","600x600","","Interval","Mushdog","10","","","","Inactive","sleeping"
"940","Pallas Cat","Katie Glatfelter","664aada0-4976-408a-a13f-3f2629c3b099","2019-07-17 09:56:27","2019-07-17 10:11:27","2019-07-17 10:07:27","2019-07-17","10:07:27","2019","7","10","Anya,Mushdog","15.00","","600x600","","Interval","Anya","11","","","","Inactive","resting"
"940","Pallas Cat","Katie Glatfelter","664aada0-4976-408a-a13f-3f2629c3b099","2019-07-17 09:56:27","2019-07-17 10:11:27","2019-07-17 10:07:27","2019-07-17","10:07:27","2019","7","10","Anya,Mushdog","15.00","","600x600","","Interval","Mushdog","11","","","","Inactive","sleeping"
"940","Pallas Cat","Katie Glatfelter","664aada0-4976-408a-a13f-3f2629c3b099","2019-07-17 09:56:27","2019-07-17 10:11:27","2019-07-17 10:08:27","2019-07-17","10:08:27","2019","7","10","Anya,Mushdog","15.00","","600x600","","Interval","Anya","12","","","","Inactive","resting"
"940","Pallas Cat","Katie Glatfelter","664aada0-4976-408a-a13f-3f2629c3b099","2019-07-17 09:56:27","2019-07-17 10:11:27","2019-07-17 10:08:27","2019-07-17","10:08:27","2019","7","10","Anya,Mushdog","15.00","","600x600","","Interval","Mushdog","12","","","","Inactive","sleeping"
"940","Pallas Cat","Katie Glatfelter","664aada0-4976-408a-a13f-3f2629c3b099","2019-07-17 09:56:27","2019-07-17 10:11:27","2019-07-17 10:09:27","2019-07-17","10:09:27","2019","7","10","Anya,Mushdog","15.00","","600x600","","Interval","Anya","13","","","","Inactive","resting"
"940","Pallas Cat","Katie Glatfelter","664aada0-4976-408a-a13f-3f2629c3b099","2019-07-17 09:56:27","2019-07-17 10:11:27","2019-07-17 10:09:27","2019-07-17","10:09:27","2019","7","10","Anya,Mushdog","15.00","","600x600","","Interval","Mushdog","13","","","","Inactive","sitting"
"940","Pallas Cat","Katie Glatfelter","664aada0-4976-408a-a13f-3f2629c3b099","2019-07-17 09:56:27","2019-07-17 10:11:27","2019-07-17 10:10:27","2019-07-17","10:10:27","2019","7","10","Anya,Mushdog","15.00","","600x600","","Interval","Anya","14","","","","Inactive","resting"
"940","Pallas Cat","Katie Glatfelter","664aada0-4976-408a-a13f-3f2629c3b099","2019-07-17 09:56:27","2019-07-17 10:11:27","2019-07-17 10:10:27","2019-07-17","10:10:27","2019","7","10","Anya,Mushdog","15.00","","600x600","","Interval","Mushdog","14","","","","Inactive","sitting"
"940","Pallas Cat","Katie Glatfelter","664aada0-4976-408a-a13f-3f2629c3b099","2019-07-17 09:56:27","2019-07-17 10:11:27","2019-07-17 10:11:27","2019-07-17","10:11:27","2019","7","10","Anya,Mushdog","15.00","","600x600","","Interval","Anya","15","","","","Inactive","resting"
"940","Pallas Cat","Katie Glatfelter","664aada0-4976-408a-a13f-3f2629c3b099","2019-07-17 09:56:27","2019-07-17 10:11:27","2019-07-17 10:11:27","2019-07-17","10:11:27","2019","7","10","Anya,Mushdog","15.00","","600x600","","Interval","Mushdog","15","","","","Inactive","sitting"
"1044","Pallas Cat","Sue Greer","664aada0-4976-408a-a13f-3f2629c3b099","2019-07-26 14:16:22","2019-07-26 14:31:22","2019-07-26 14:17:22","2019-07-26","14:17:22","2019","7","14","Anya,Mushdog","15.00","","600x600","","Interval","Anya","1","Active","watching conspecific","","",""
"1044","Pallas Cat","Sue Greer","664aada0-4976-408a-a13f-3f2629c3b099","2019-07-26 14:16:22","2019-07-26 14:31:22","2019-07-26 14:17:22","2019-07-26","14:17:22","2019","7","14","Anya,Mushdog","15.00","","600x600","","Interval","Mushdog","1","","","","Inactive","resting"
"1044","Pallas Cat","Sue Greer","664aada0-4976-408a-a13f-3f2629c3b099","2019-07-26 14:16:22","2019-07-26 14:31:22","2019-07-26 14:18:22","2019-07-26","14:18:22","2019","7","14","Anya,Mushdog","15.00","","600x600","","Interval","Anya","2","","","","Inactive","sitting"
"1044","Pallas Cat","Sue Greer","664aada0-4976-408a-a13f-3f2629c3b099","2019-07-26 14:16:22","2019-07-26 14:31:22","2019-07-26 14:18:22","2019-07-26","14:18:22","2019","7","14","Anya,Mushdog","15.00","","600x600","","Interval","Mushdog","2","","","","Inactive","resting"
"1044","Pallas Cat","Sue Greer","664aada0-4976-408a-a13f-3f2629c3b099","2019-07-26 14:16:22","2019-07-26 14:31:22","2019-07-26 14:19:22","2019-07-26","14:19:22","2019","7","14","Anya,Mushdog","15.00","","600x600","","Interval","Anya","3","","","","Inactive","sitting"
"1044","Pallas Cat","Sue Greer","664aada0-4976-408a-a13f-3f2629c3b099","2019-07-26 14:16:22","2019-07-26 14:31:22","2019-07-26 14:19:22","2019-07-26","14:19:22","2019","7","14","Anya,Mushdog","15.00","","600x600","","Interval","Mushdog","3","","","","Inactive","resting"
"1044","Pallas Cat","Sue Greer","664aada0-4976-408a-a13f-3f2629c3b099","2019-07-26 14:16:22","2019-07-26 14:31:22","2019-07-26 14:20:22","2019-07-26","14:20:22","2019","7","14","Anya,Mushdog","15.00","","600x600","","Interval","Anya","4","Active","walking","","",""
"1044","Pallas Cat","Sue Greer","664aada0-4976-408a-a13f-3f2629c3b099","2019-07-26 14:16:22","2019-07-26 14:31:22","2019-07-26 14:20:22","2019-07-26","14:20:22","2019","7","14","Anya,Mushdog","15.00","","600x600","","Interval","Mushdog","4","Active","watching conspecific","","",""
"1044","Pallas Cat","Sue Greer","664aada0-4976-408a-a13f-3f2629c3b099","2019-07-26 14:16:22","2019-07-26 14:31:22","2019-07-26 14:21:22","2019-07-26","14:21:22","2019","7","14","Anya,Mushdog","15.00","","600x600","","Interval","Anya","5","","","","Inactive","sitting"
"1044","Pallas Cat","Sue Greer","664aada0-4976-408a-a13f-3f2629c3b099","2019-07-26 14:16:22","2019-07-26 14:31:22","2019-07-26 14:21:22","2019-07-26","14:21:22","2019","7","14","Anya,Mushdog","15.00","","600x600","","Interval","Mushdog","5","","","","Inactive","resting"
"1044","Pallas Cat","Sue Greer","664aada0-4976-408a-a13f-3f2629c3b099","2019-07-26 14:16:22","2019-07-26 14:31:22","2019-07-26 14:22:22","2019-07-26","14:22:22","2019","7","14","Anya,Mushdog","15.00","","600x600","","Interval","Anya","6","","","","Inactive","sitting"
"1044","Pallas Cat","Sue Greer","664aada0-4976-408a-a13f-3f2629c3b099","2019-07-26 14:16:22","2019-07-26 14:31:22","2019-07-26 14:22:22","2019-07-26","14:22:22","2019","7","14","Anya,Mushdog","15.00","","600x600","","Interval","Mushdog","6","","","","Inactive","resting"
"1044","Pallas Cat","Sue Greer","664aada0-4976-408a-a13f-3f2629c3b099","2019-07-26 14:16:22","2019-07-26 14:31:22","2019-07-26 14:23:22","2019-07-26","14:23:22","2019","7","14","Anya,Mushdog","15.00","","600x600","","Interval","Anya","7","","","","Inactive","sitting"
"1044","Pallas Cat","Sue Greer","664aada0-4976-408a-a13f-3f2629c3b099","2019-07-26 14:16:22","2019-07-26 14:31:22","2019-07-26 14:23:22","2019-07-26","14:23:22","2019","7","14","Anya,Mushdog","15.00","","600x600","","Interval","Mushdog","7","","","","Inactive","resting"
"1044","Pallas Cat","Sue Greer","664aada0-4976-408a-a13f-3f2629c3b099","2019-07-26 14:16:22","2019-07-26 14:31:22","2019-07-26 14:24:22","2019-07-26","14:24:22","2019","7","14","Anya,Mushdog","15.00","","600x600","","Interval","Anya","8","","","","Inactive","sitting"
"1044","Pallas Cat","Sue Greer","664aada0-4976-408a-a13f-3f2629c3b099","2019-07-26 14:16:22","2019-07-26 14:31:22","2019-07-26 14:24:22","2019-07-26","14:24:22","2019","7","14","Anya,Mushdog","15.00","","600x600","","Interval","Mushdog","8","","","","Inactive","resting"
"1044","Pallas Cat","Sue Greer","664aada0-4976-408a-a13f-3f2629c3b099","2019-07-26 14:16:22","2019-07-26 14:31:22","2019-07-26 14:25:22","2019-07-26","14:25:22","2019","7","14","Anya,Mushdog","15.00","","600x600","","Interval","Anya","9","","","","Inactive","sitting"
"1044","Pallas Cat","Sue Greer","664aada0-4976-408a-a13f-3f2629c3b099","2019-07-26 14:16:22","2019-07-26 14:31:22","2019-07-26 14:25:22","2019-07-26","14:25:22","2019","7","14","Anya,Mushdog","15.00","","600x600","","Interval","Mushdog","9","","","","Inactive","resting"
"1044","Pallas Cat","Sue Greer","664aada0-4976-408a-a13f-3f2629c3b099","2019-07-26 14:16:22","2019-07-26 14:31:22","2019-07-26 14:26:22","2019-07-26","14:26:22","2019","7","14","Anya,Mushdog","15.00","","600x600","","Interval","Anya","10","","","","Inactive","sitting"
"1044","Pallas Cat","Sue Greer","664aada0-4976-408a-a13f-3f2629c3b099","2019-07-26 14:16:22","2019-07-26 14:31:22","2019-07-26 14:26:22","2019-07-26","14:26:22","2019","7","14","Anya,Mushdog","15.00","","600x600","","Interval","Mushdog","10","","","","Inactive","resting"
"1044","Pallas Cat","Sue Greer","664aada0-4976-408a-a13f-3f2629c3b099","2019-07-26 14:16:22","2019-07-26 14:31:22","2019-07-26 14:27:22","2019-07-26","14:27:22","2019","7","14","Anya,Mushdog","15.00","","600x600","","Interval","Anya","11","","","","Inactive","sitting"
"1044","Pallas Cat","Sue Greer","664aada0-4976-408a-a13f-3f2629c3b099","2019-07-26 14:16:22","2019-07-26 14:31:22","2019-07-26 14:27:22","2019-07-26","14:27:22","2019","7","14","Anya,Mushdog","15.00","","600x600","","Interval","Mushdog","11","","","","Inactive","resting"
"1044","Pallas Cat","Sue Greer","664aada0-4976-408a-a13f-3f2629c3b099","2019-07-26 14:16:22","2019-07-26 14:31:22","2019-07-26 14:28:22","2019-07-26","14:28:22","2019","7","14","Anya,Mushdog","15.00","","600x600","","Interval","Anya","12","","","","Inactive","sitting"
"1044","Pallas Cat","Sue Greer","664aada0-4976-408a-a13f-3f2629c3b099","2019-07-26 14:16:22","2019-07-26 14:31:22","2019-07-26 14:28:22","2019-07-26","14:28:22","2019","7","14","Anya,Mushdog","15.00","","600x600","","Interval","Mushdog","12","","","","Inactive","resting"
"1044","Pallas Cat","Sue Greer","664aada0-4976-408a-a13f-3f2629c3b099","2019-07-26 14:16:22","2019-07-26 14:31:22","2019-07-26 14:29:22","2019-07-26","14:29:22","2019","7","14","Anya,Mushdog","15.00","","600x600","","Interval","Anya","13","","","","Inactive","sitting"
"1044","Pallas Cat","Sue Greer","664aada0-4976-408a-a13f-3f2629c3b099","2019-07-26 14:16:22","2019-07-26 14:31:22","2019-07-26 14:29:22","2019-07-26","14:29:22","2019","7","14","Anya,Mushdog","15.00","","600x600","","Interval","Mushdog","13","","","","Inactive","resting"
"1044","Pallas Cat","Sue Greer","664aada0-4976-408a-a13f-3f2629c3b099","2019-07-26 14:16:22","2019-07-26 14:31:22","2019-07-26 14:30:22","2019-07-26","14:30:22","2019","7","14","Anya,Mushdog","15.00","","600x600","","Interval","Anya","14","","","","Inactive","sitting"
"1044","Pallas Cat","Sue Greer","664aada0-4976-408a-a13f-3f2629c3b099","2019-07-26 14:16:22","2019-07-26 14:31:22","2019-07-26 14:30:22","2019-07-26","14:30:22","2019","7","14","Anya,Mushdog","15.00","","600x600","","Interval","Mushdog","14","","","","Inactive","resting"
"1044","Pallas Cat","Sue Greer","664aada0-4976-408a-a13f-3f2629c3b099","2019-07-26 14:16:22","2019-07-26 14:31:22","2019-07-26 14:31:22","2019-07-26","14:31:22","2019","7","14","Anya,Mushdog","15.00","","600x600","","Interval","Anya","15","","","","Inactive","sitting"
"1044","Pallas Cat","Sue Greer","664aada0-4976-408a-a13f-3f2629c3b099","2019-07-26 14:16:22","2019-07-26 14:31:22","2019-07-26 14:31:22","2019-07-26","14:31:22","2019","7","14","Anya,Mushdog","15.00","","600x600","","Interval","Mushdog","15","","","","Inactive","resting"
"1143","Pallas Cat","Hollie David","664aada0-4976-408a-a13f-3f2629c3b099","2019-07-28 15:14:14","2019-07-28 15:29:14","2019-07-28 15:15:14","2019-07-28","15:15:14","2019","7","15","Anya,Mushdog","15.00","","600x600","","Interval","Anya","1","","","","Inactive","resting on rock wall/perching"
"1143","Pallas Cat","Hollie David","664aada0-4976-408a-a13f-3f2629c3b099","2019-07-28 15:14:14","2019-07-28 15:29:14","2019-07-28 15:15:14","2019-07-28","15:15:14","2019","7","15","Anya,Mushdog","15.00","","600x600","","Interval","Mushdog","1","Active","watching conspecific","","Inactive","resting"
"1143","Pallas Cat","Hollie David","664aada0-4976-408a-a13f-3f2629c3b099","2019-07-28 15:14:14","2019-07-28 15:29:14","2019-07-28 15:16:14","2019-07-28","15:16:14","2019","7","15","Anya,Mushdog","15.00","","600x600","","Interval","Anya","2","","","","Inactive","resting on rock wall/perching"
"1143","Pallas Cat","Hollie David","664aada0-4976-408a-a13f-3f2629c3b099","2019-07-28 15:14:14","2019-07-28 15:29:14","2019-07-28 15:16:14","2019-07-28","15:16:14","2019","7","15","Anya,Mushdog","15.00","","600x600","","Interval","Mushdog","2","","","","Inactive","resting"
"1143","Pallas Cat","Hollie David","664aada0-4976-408a-a13f-3f2629c3b099","2019-07-28 15:14:14","2019-07-28 15:29:14","2019-07-28 15:17:14","2019-07-28","15:17:14","2019","7","15","Anya,Mushdog","15.00","","600x600","","Interval","Anya","3","","","","Inactive","resting on rock wall/perching"
"1143","Pallas Cat","Hollie David","664aada0-4976-408a-a13f-3f2629c3b099","2019-07-28 15:14:14","2019-07-28 15:29:14","2019-07-28 15:17:14","2019-07-28","15:17:14","2019","7","15","Anya,Mushdog","15.00","","600x600","","Interval","Mushdog","3","","","","Inactive","resting"
"1143","Pallas Cat","Hollie David","664aada0-4976-408a-a13f-3f2629c3b099","2019-07-28 15:14:14","2019-07-28 15:29:14","2019-07-28 15:18:14","2019-07-28","15:18:14","2019","7","15","Anya,Mushdog","15.00","","600x600","","Interval","Anya","4","","","","Inactive","resting on rock wall/perching"
"1143","Pallas Cat","Hollie David","664aada0-4976-408a-a13f-3f2629c3b099","2019-07-28 15:14:14","2019-07-28 15:29:14","2019-07-28 15:18:14","2019-07-28","15:18:14","2019","7","15","Anya,Mushdog","15.00","","600x600","","Interval","Mushdog","4","Active","walking","","",""
"1143","Pallas Cat","Hollie David","664aada0-4976-408a-a13f-3f2629c3b099","2019-07-28 15:14:14","2019-07-28 15:29:14","2019-07-28 15:19:14","2019-07-28","15:19:14","2019","7","15","Anya,Mushdog","15.00","","600x600","","Interval","Anya","5","","","","Inactive","resting on rock wall/perching"
"1143","Pallas Cat","Hollie David","664aada0-4976-408a-a13f-3f2629c3b099","2019-07-28 15:14:14","2019-07-28 15:29:14","2019-07-28 15:19:14","2019-07-28","15:19:14","2019","7","15","Anya,Mushdog","15.00","","600x600","","Interval","Mushdog","5","Active","walking","","",""
"1143","Pallas Cat","Hollie David","664aada0-4976-408a-a13f-3f2629c3b099","2019-07-28 15:14:14","2019-07-28 15:29:14","2019-07-28 15:20:14","2019-07-28","15:20:14","2019","7","15","Anya,Mushdog","15.00","","600x600","","Interval","Anya","6","","","","Inactive","resting on rock wall/perching"
"1143","Pallas Cat","Hollie David","664aada0-4976-408a-a13f-3f2629c3b099","2019-07-28 15:14:14","2019-07-28 15:29:14","2019-07-28 15:20:14","2019-07-28","15:20:14","2019","7","15","Anya,Mushdog","15.00","","600x600","","Interval","Mushdog","6","Active","walking","","",""
"1143","Pallas Cat","Hollie David","664aada0-4976-408a-a13f-3f2629c3b099","2019-07-28 15:14:14","2019-07-28 15:29:14","2019-07-28 15:21:14","2019-07-28","15:21:14","2019","7","15","Anya,Mushdog","15.00","","600x600","","Interval","Anya","7","","","","Inactive","resting on rock wall/perching"
"1143","Pallas Cat","Hollie David","664aada0-4976-408a-a13f-3f2629c3b099","2019-07-28 15:14:14","2019-07-28 15:29:14","2019-07-28 15:21:14","2019-07-28","15:21:14","2019","7","15","Anya,Mushdog","15.00","","600x600","","Interval","Mushdog","7","","","","Inactive","resting"
"1143","Pallas Cat","Hollie David","664aada0-4976-408a-a13f-3f2629c3b099","2019-07-28 15:14:14","2019-07-28 15:29:14","2019-07-28 15:22:14","2019-07-28","15:22:14","2019","7","15","Anya,Mushdog","15.00","","600x600","","Interval","Anya","8","","","","Inactive","resting on rock wall/perching"
"1143","Pallas Cat","Hollie David","664aada0-4976-408a-a13f-3f2629c3b099","2019-07-28 15:14:14","2019-07-28 15:29:14","2019-07-28 15:22:14","2019-07-28","15:22:14","2019","7","15","Anya,Mushdog","15.00","","600x600","","Interval","Mushdog","8","","","","Inactive","resting"
"1143","Pallas Cat","Hollie David","664aada0-4976-408a-a13f-3f2629c3b099","2019-07-28 15:14:14","2019-07-28 15:29:14","2019-07-28 15:23:14","2019-07-28","15:23:14","2019","7","15","Anya,Mushdog","15.00","","600x600","","Interval","Anya","9","","","","Inactive","resting on rock wall/perching"
"1143","Pallas Cat","Hollie David","664aada0-4976-408a-a13f-3f2629c3b099","2019-07-28 15:14:14","2019-07-28 15:29:14","2019-07-28 15:23:14","2019-07-28","15:23:14","2019","7","15","Anya,Mushdog","15.00","","600x600","","Interval","Mushdog","9","","","","Inactive","resting"
"1143","Pallas Cat","Hollie David","664aada0-4976-408a-a13f-3f2629c3b099","2019-07-28 15:14:14","2019-07-28 15:29:14","2019-07-28 15:24:14","2019-07-28","15:24:14","2019","7","15","Anya,Mushdog","15.00","","600x600","","Interval","Anya","10","","","","Inactive","resting on rock wall/perching"
"1143","Pallas Cat","Hollie David","664aada0-4976-408a-a13f-3f2629c3b099","2019-07-28 15:14:14","2019-07-28 15:29:14","2019-07-28 15:24:14","2019-07-28","15:24:14","2019","7","15","Anya,Mushdog","15.00","","600x600","","Interval","Mushdog","10","","","","Inactive","resting"
"1143","Pallas Cat","Hollie David","664aada0-4976-408a-a13f-3f2629c3b099","2019-07-28 15:14:14","2019-07-28 15:29:14","2019-07-28 15:25:14","2019-07-28","15:25:14","2019","7","15","Anya,Mushdog","15.00","","600x600","","Interval","Anya","11","","","","Inactive","resting on rock wall/perching"
"1143","Pallas Cat","Hollie David","664aada0-4976-408a-a13f-3f2629c3b099","2019-07-28 15:14:14","2019-07-28 15:29:14","2019-07-28 15:25:14","2019-07-28","15:25:14","2019","7","15","Anya,Mushdog","15.00","","600x600","","Interval","Mushdog","11","","","","Inactive","resting"
"1143","Pallas Cat","Hollie David","664aada0-4976-408a-a13f-3f2629c3b099","2019-07-28 15:14:14","2019-07-28 15:29:14","2019-07-28 15:26:14","2019-07-28","15:26:14","2019","7","15","Anya,Mushdog","15.00","","600x600","","Interval","Anya","12","","","","Inactive","resting on rock wall/perching"
"1143","Pallas Cat","Hollie David","664aada0-4976-408a-a13f-3f2629c3b099","2019-07-28 15:14:14","2019-07-28 15:29:14","2019-07-28 15:26:14","2019-07-28","15:26:14","2019","7","15","Anya,Mushdog","15.00","","600x600","","Interval","Mushdog","12","","","","Inactive","resting"
"1143","Pallas Cat","Hollie David","664aada0-4976-408a-a13f-3f2629c3b099","2019-07-28 15:14:14","2019-07-28 15:29:14","2019-07-28 15:27:14","2019-07-28","15:27:14","2019","7","15","Anya,Mushdog","15.00","","600x600","","Interval","Anya","13","Active","watching conspecific","","Inactive","resting on rock wall/perching"
"1143","Pallas Cat","Hollie David","664aada0-4976-408a-a13f-3f2629c3b099","2019-07-28 15:14:14","2019-07-28 15:29:14","2019-07-28 15:27:14","2019-07-28","15:27:14","2019","7","15","Anya,Mushdog","15.00","","600x600","","Interval","Mushdog","13","","","","Inactive","resting"
"1143","Pallas Cat","Hollie David","664aada0-4976-408a-a13f-3f2629c3b099","2019-07-28 15:14:14","2019-07-28 15:29:14","2019-07-28 15:28:14","2019-07-28","15:28:14","2019","7","15","Anya,Mushdog","15.00","","600x600","","Interval","Anya","14","Active","watching conspecific","","Inactive","resting on rock wall/perching"
"1143","Pallas Cat","Hollie David","664aada0-4976-408a-a13f-3f2629c3b099","2019-07-28 15:14:14","2019-07-28 15:29:14","2019-07-28 15:28:14","2019-07-28","15:28:14","2019","7","15","Anya,Mushdog","15.00","","600x600","","Interval","Mushdog","14","","","","Inactive","resting"
"1143","Pallas Cat","Hollie David","664aada0-4976-408a-a13f-3f2629c3b099","2019-07-28 15:14:14","2019-07-28 15:29:14","2019-07-28 15:29:14","2019-07-28","15:29:14","2019","7","15","Anya,Mushdog","15.00","","600x600","","Interval","Anya","15","","","","Inactive","resting on rock wall/perching"
"1143","Pallas Cat","Hollie David","664aada0-4976-408a-a13f-3f2629c3b099","2019-07-28 15:14:14","2019-07-28 15:29:14","2019-07-28 15:29:14","2019-07-28","15:29:14","2019","7","15","Anya,Mushdog","15.00","","600x600","","Interval","Mushdog","15","","","","Inactive","resting"
"1452","Pallas Cat","Sue Greer","664aada0-4976-408a-a13f-3f2629c3b099","2019-10-14 14:41:41","2019-10-14 14:56:41","2019-10-14 14:42:41","2019-10-14","14:42:41","2019","10","14","Anya,Mushdog","15.00","","600x600","","Interval","Mushdog","1","","","","Inactive","resting"
"1452","Pallas Cat","Sue Greer","664aada0-4976-408a-a13f-3f2629c3b099","2019-10-14 14:41:41","2019-10-14 14:56:41","2019-10-14 14:43:41","2019-10-14","14:43:41","2019","10","14","Anya,Mushdog","15.00","","600x600","","Interval","Mushdog","2","","","","Inactive","resting"
"1452","Pallas Cat","Sue Greer","664aada0-4976-408a-a13f-3f2629c3b099","2019-10-14 14:41:41","2019-10-14 14:56:41","2019-10-14 14:44:41","2019-10-14","14:44:41","2019","10","14","Anya,Mushdog","15.00","","600x600","","Interval","Mushdog","3","","","","Inactive","resting"
"1452","Pallas Cat","Sue Greer","664aada0-4976-408a-a13f-3f2629c3b099","2019-10-14 14:41:41","2019-10-14 14:56:41","2019-10-14 14:45:41","2019-10-14","14:45:41","2019","10","14","Anya,Mushdog","15.00","","600x600","","Interval","Mushdog","4","","","","Inactive","resting"
"1452","Pallas Cat","Sue Greer","664aada0-4976-408a-a13f-3f2629c3b099","2019-10-14 14:41:41","2019-10-14 14:56:41","2019-10-14 14:46:41","2019-10-14","14:46:41","2019","10","14","Anya,Mushdog","15.00","","600x600","","Interval","Mushdog","5","","","","Inactive","resting"
"1452","Pallas Cat","Sue Greer","664aada0-4976-408a-a13f-3f2629c3b099","2019-10-14 14:41:41","2019-10-14 14:56:41","2019-10-14 14:47:41","2019-10-14","14:47:41","2019","10","14","Anya,Mushdog","15.00","","600x600","","Interval","Mushdog","6","","","","Inactive","resting"
"1452","Pallas Cat","Sue Greer","664aada0-4976-408a-a13f-3f2629c3b099","2019-10-14 14:41:41","2019-10-14 14:56:41","2019-10-14 14:48:41","2019-10-14","14:48:41","2019","10","14","Anya,Mushdog","15.00","","600x600","","Interval","Mushdog","7","","","","Inactive","resting"
"1452","Pallas Cat","Sue Greer","664aada0-4976-408a-a13f-3f2629c3b099","2019-10-14 14:41:41","2019-10-14 14:56:41","2019-10-14 14:49:41","2019-10-14","14:49:41","2019","10","14","Anya,Mushdog","15.00","","600x600","","Interval","Mushdog","8","","","","Inactive","resting"
"1452","Pallas Cat","Sue Greer","664aada0-4976-408a-a13f-3f2629c3b099","2019-10-14 14:41:41","2019-10-14 14:56:41","2019-10-14 14:50:41","2019-10-14","14:50:41","2019","10","14","Anya,Mushdog","15.00","","600x600","","Interval","Mushdog","9","","","","Inactive","resting"
"1452","Pallas Cat","Sue Greer","664aada0-4976-408a-a13f-3f2629c3b099","2019-10-14 14:41:41","2019-10-14 14:56:41","2019-10-14 14:51:41","2019-10-14","14:51:41","2019","10","14","Anya,Mushdog","15.00","","600x600","","Interval","Mushdog","10","","","","Inactive","resting"
"1452","Pallas Cat","Sue Greer","664aada0-4976-408a-a13f-3f2629c3b099","2019-10-14 14:41:41","2019-10-14 14:56:41","2019-10-14 14:52:41","2019-10-14","14:52:41","2019","10","14","Anya,Mushdog","15.00","","600x600","","Interval","Mushdog","11","","","","Inactive","resting"
"1452","Pallas Cat","Sue Greer","664aada0-4976-408a-a13f-3f2629c3b099","2019-10-14 14:41:41","2019-10-14 14:56:41","2019-10-14 14:53:41","2019-10-14","14:53:41","2019","10","14","Anya,Mushdog","15.00","","600x600","","Interval","Mushdog","12","","","","Inactive","resting"
"1452","Pallas Cat","Sue Greer","664aada0-4976-408a-a13f-3f2629c3b099","2019-10-14 14:41:41","2019-10-14 14:56:41","2019-10-14 14:54:41","2019-10-14","14:54:41","2019","10","14","Anya,Mushdog","15.00","","600x600","","Interval","Mushdog","13","","","","Inactive","resting"
"1452","Pallas Cat","Sue Greer","664aada0-4976-408a-a13f-3f2629c3b099","2019-10-14 14:41:41","2019-10-14 14:56:41","2019-10-14 14:55:41","2019-10-14","14:55:41","2019","10","14","Anya,Mushdog","15.00","","600x600","","Interval","Mushdog","14","","","","Inactive","resting"
"1452","Pallas Cat","Sue Greer","664aada0-4976-408a-a13f-3f2629c3b099","2019-10-14 14:41:41","2019-10-14 14:56:41","","","","","","","Anya,Mushdog","15.00","","600x600","","Interval","Anya","15","","","","",""
"1452","Pallas Cat","Sue Greer","664aada0-4976-408a-a13f-3f2629c3b099","2019-10-14 14:41:41","2019-10-14 14:56:41","","","","","","","Anya,Mushdog","15.00","","600x600","","Interval","Mushdog","15","","","","",""
"1598","Pallas Cat","Anna Anderson","fec64e9b-ff9b-4fe1-8710-c140662355ed","2019-11-04 11:22:25","2019-11-04 11:37:25","2019-11-04 11:23:25","2019-11-04","11:23:25","2019","11","11","Anya,Mushdog","15.00","","600x600","","Interval","Anya","1","Active","eating/drinking","","",""
"1598","Pallas Cat","Anna Anderson","fec64e9b-ff9b-4fe1-8710-c140662355ed","2019-11-04 11:22:25","2019-11-04 11:37:25","2019-11-04 11:23:25","2019-11-04","11:23:25","2019","11","11","Anya,Mushdog","15.00","","600x600","","Interval","Mushdog","1","","","","Inactive","sitting"
"1598","Pallas Cat","Anna Anderson","fec64e9b-ff9b-4fe1-8710-c140662355ed","2019-11-04 11:22:25","2019-11-04 11:37:25","2019-11-04 11:24:25","2019-11-04","11:24:25","2019","11","11","Anya,Mushdog","15.00","","600x600","","Interval","Anya","2","Active","walking","","",""
"1598","Pallas Cat","Anna Anderson","fec64e9b-ff9b-4fe1-8710-c140662355ed","2019-11-04 11:22:25","2019-11-04 11:37:25","2019-11-04 11:24:25","2019-11-04","11:24:25","2019","11","11","Anya,Mushdog","15.00","","600x600","","Interval","Mushdog","2","","","","Inactive","sitting"
"1598","Pallas Cat","Anna Anderson","fec64e9b-ff9b-4fe1-8710-c140662355ed","2019-11-04 11:22:25","2019-11-04 11:37:25","2019-11-04 11:25:25","2019-11-04","11:25:25","2019","11","11","Anya,Mushdog","15.00","","600x600","","Interval","Anya","3","Active","digging/scratching","","",""
"1598","Pallas Cat","Anna Anderson","fec64e9b-ff9b-4fe1-8710-c140662355ed","2019-11-04 11:22:25","2019-11-04 11:37:25","2019-11-04 11:25:25","2019-11-04","11:25:25","2019","11","11","Anya,Mushdog","15.00","","600x600","","Interval","Mushdog","3","","","","Inactive","sitting"
"1598","Pallas Cat","Anna Anderson","fec64e9b-ff9b-4fe1-8710-c140662355ed","2019-11-04 11:22:25","2019-11-04 11:37:25","2019-11-04 11:26:25","2019-11-04","11:26:25","2019","11","11","Anya,Mushdog","15.00","","600x600","","Interval","Anya","4","","","","Inactive","sitting"
"1598","Pallas Cat","Anna Anderson","fec64e9b-ff9b-4fe1-8710-c140662355ed","2019-11-04 11:22:25","2019-11-04 11:37:25","2019-11-04 11:26:25","2019-11-04","11:26:25","2019","11","11","Anya,Mushdog","15.00","","600x600","","Interval","Mushdog","4","","","","Inactive","sitting"
"1598","Pallas Cat","Anna Anderson","fec64e9b-ff9b-4fe1-8710-c140662355ed","2019-11-04 11:22:25","2019-11-04 11:37:25","2019-11-04 11:27:25","2019-11-04","11:27:25","2019","11","11","Anya,Mushdog","15.00","","600x600","","Interval","Anya","5","","","","Inactive","sitting"
"1598","Pallas Cat","Anna Anderson","fec64e9b-ff9b-4fe1-8710-c140662355ed","2019-11-04 11:22:25","2019-11-04 11:37:25","2019-11-04 11:27:25","2019-11-04","11:27:25","2019","11","11","Anya,Mushdog","15.00","","600x600","","Interval","Mushdog","5","","","","Inactive","sitting"
"1598","Pallas Cat","Anna Anderson","fec64e9b-ff9b-4fe1-8710-c140662355ed","2019-11-04 11:22:25","2019-11-04 11:37:25","2019-11-04 11:28:25","2019-11-04","11:28:25","2019","11","11","Anya,Mushdog","15.00","","600x600","","Interval","Anya","6","","","","Inactive","sitting"
"1598","Pallas Cat","Anna Anderson","fec64e9b-ff9b-4fe1-8710-c140662355ed","2019-11-04 11:22:25","2019-11-04 11:37:25","2019-11-04 11:28:25","2019-11-04","11:28:25","2019","11","11","Anya,Mushdog","15.00","","600x600","","Interval","Mushdog","6","","","","Inactive","sitting"
"1598","Pallas Cat","Anna Anderson","fec64e9b-ff9b-4fe1-8710-c140662355ed","2019-11-04 11:22:25","2019-11-04 11:37:25","2019-11-04 11:29:25","2019-11-04","11:29:25","2019","11","11","Anya,Mushdog","15.00","","600x600","","Interval","Anya","7","","","","Inactive","sitting"
"1598","Pallas Cat","Anna Anderson","fec64e9b-ff9b-4fe1-8710-c140662355ed","2019-11-04 11:22:25","2019-11-04 11:37:25","2019-11-04 11:29:25","2019-11-04","11:29:25","2019","11","11","Anya,Mushdog","15.00","","600x600","","Interval","Mushdog","7","Active","grooming","","",""
"1598","Pallas Cat","Anna Anderson","fec64e9b-ff9b-4fe1-8710-c140662355ed","2019-11-04 11:22:25","2019-11-04 11:37:25","2019-11-04 11:30:25","2019-11-04","11:30:25","2019","11","11","Anya,Mushdog","15.00","","600x600","","Interval","Anya","8","","","","Inactive","sitting"
"1598","Pallas Cat","Anna Anderson","fec64e9b-ff9b-4fe1-8710-c140662355ed","2019-11-04 11:22:25","2019-11-04 11:37:25","2019-11-04 11:30:25","2019-11-04","11:30:25","2019","11","11","Anya,Mushdog","15.00","","600x600","","Interval","Mushdog","8","","","","Inactive","sitting"
"1598","Pallas Cat","Anna Anderson","fec64e9b-ff9b-4fe1-8710-c140662355ed","2019-11-04 11:22:25","2019-11-04 11:37:25","2019-11-04 11:31:25","2019-11-04","11:31:25","2019","11","11","Anya,Mushdog","15.00","","600x600","","Interval","Anya","9","","","","Inactive","sitting"
"1598","Pallas Cat","Anna Anderson","fec64e9b-ff9b-4fe1-8710-c140662355ed","2019-11-04 11:22:25","2019-11-04 11:37:25","2019-11-04 11:31:25","2019-11-04","11:31:25","2019","11","11","Anya,Mushdog","15.00","","600x600","","Interval","Mushdog","9","Active","grooming","","",""
"1598","Pallas Cat","Anna Anderson","fec64e9b-ff9b-4fe1-8710-c140662355ed","2019-11-04 11:22:25","2019-11-04 11:37:25","2019-11-04 11:32:25","2019-11-04","11:32:25","2019","11","11","Anya,Mushdog","15.00","","600x600","","Interval","Anya","10","Active","grooming","","",""
"1598","Pallas Cat","Anna Anderson","fec64e9b-ff9b-4fe1-8710-c140662355ed","2019-11-04 11:22:25","2019-11-04 11:37:25","2019-11-04 11:32:25","2019-11-04","11:32:25","2019","11","11","Anya,Mushdog","15.00","","600x600","","Interval","Mushdog","10","","","","Inactive","sitting"
"1598","Pallas Cat","Anna Anderson","fec64e9b-ff9b-4fe1-8710-c140662355ed","2019-11-04 11:22:25","2019-11-04 11:37:25","2019-11-04 11:33:25","2019-11-04","11:33:25","2019","11","11","Anya,Mushdog","15.00","","600x600","","Interval","Anya","11","","","","Inactive","sitting"
"1598","Pallas Cat","Anna Anderson","fec64e9b-ff9b-4fe1-8710-c140662355ed","2019-11-04 11:22:25","2019-11-04 11:37:25","2019-11-04 11:33:25","2019-11-04","11:33:25","2019","11","11","Anya,Mushdog","15.00","","600x600","","Interval","Mushdog","11","","","","Inactive","sitting"
"1598","Pallas Cat","Anna Anderson","fec64e9b-ff9b-4fe1-8710-c140662355ed","2019-11-04 11:22:25","2019-11-04 11:37:25","2019-11-04 11:34:25","2019-11-04","11:34:25","2019","11","11","Anya,Mushdog","15.00","","600x600","","Interval","Anya","12","","","","Inactive","sitting"
"1598","Pallas Cat","Anna Anderson","fec64e9b-ff9b-4fe1-8710-c140662355ed","2019-11-04 11:22:25","2019-11-04 11:37:25","2019-11-04 11:34:25","2019-11-04","11:34:25","2019","11","11","Anya,Mushdog","15.00","","600x600","","Interval","Mushdog","12","","","","Inactive","sitting"
"1598","Pallas Cat","Anna Anderson","fec64e9b-ff9b-4fe1-8710-c140662355ed","2019-11-04 11:22:25","2019-11-04 11:37:25","2019-11-04 11:35:25","2019-11-04","11:35:25","2019","11","11","Anya,Mushdog","15.00","","600x600","","Interval","Anya","13","","","","Inactive","sitting"
"1598","Pallas Cat","Anna Anderson","fec64e9b-ff9b-4fe1-8710-c140662355ed","2019-11-04 11:22:25","2019-11-04 11:37:25","2019-11-04 11:35:25","2019-11-04","11:35:25","2019","11","11","Anya,Mushdog","15.00","","600x600","","Interval","Mushdog","13","Active","digging/scratching","","",""
"1598","Pallas Cat","Anna Anderson","fec64e9b-ff9b-4fe1-8710-c140662355ed","2019-11-04 11:22:25","2019-11-04 11:37:25","2019-11-04 11:36:25","2019-11-04","11:36:25","2019","11","11","Anya,Mushdog","15.00","","600x600","","Interval","Anya","14","Active","climbing","","",""
"1598","Pallas Cat","Anna Anderson","fec64e9b-ff9b-4fe1-8710-c140662355ed","2019-11-04 11:22:25","2019-11-04 11:37:25","2019-11-04 11:36:25","2019-11-04","11:36:25","2019","11","11","Anya,Mushdog","15.00","","600x600","","Interval","Mushdog","14","","","","Inactive","sitting"
"1598","Pallas Cat","Anna Anderson","fec64e9b-ff9b-4fe1-8710-c140662355ed","2019-11-04 11:22:25","2019-11-04 11:37:25","2019-11-04 11:37:25","2019-11-04","11:37:25","2019","11","11","Anya,Mushdog","15.00","","600x600","","Interval","Anya","15","","","","Inactive","resting on rock wall/perching"
"1598","Pallas Cat","Anna Anderson","fec64e9b-ff9b-4fe1-8710-c140662355ed","2019-11-04 11:22:25","2019-11-04 11:37:25","2019-11-04 11:37:25","2019-11-04","11:37:25","2019","11","11","Anya,Mushdog","15.00","","600x600","","Interval","Mushdog","15","Active","walking","","",""
"1556","Pallas Cat","Arlisa Homan","664aada0-4976-408a-a13f-3f2629c3b099","2019-12-08 11:36:39","2019-12-08 11:51:39","2019-12-08 11:37:39","2019-12-08","11:37:39","2019","12","11","Anya,Mushdog","15.00","","600x600","","Interval","Anya","1","","","","Inactive","sleeping"
"1556","Pallas Cat","Arlisa Homan","664aada0-4976-408a-a13f-3f2629c3b099","2019-12-08 11:36:39","2019-12-08 11:51:39","2019-12-08 11:37:39","2019-12-08","11:37:39","2019","12","11","Anya,Mushdog","15.00","","600x600","","Interval","Mushdog","1","","","","Inactive","sleeping"
"1556","Pallas Cat","Arlisa Homan","664aada0-4976-408a-a13f-3f2629c3b099","2019-12-08 11:36:39","2019-12-08 11:51:39","2019-12-08 11:38:39","2019-12-08","11:38:39","2019","12","11","Anya,Mushdog","15.00","","600x600","","Interval","Anya","2","","","","Inactive","sleeping"
"1556","Pallas Cat","Arlisa Homan","664aada0-4976-408a-a13f-3f2629c3b099","2019-12-08 11:36:39","2019-12-08 11:51:39","2019-12-08 11:38:39","2019-12-08","11:38:39","2019","12","11","Anya,Mushdog","15.00","","600x600","","Interval","Mushdog","2","","","","Inactive","sleeping"
"1556","Pallas Cat","Arlisa Homan","664aada0-4976-408a-a13f-3f2629c3b099","2019-12-08 11:36:39","2019-12-08 11:51:39","2019-12-08 11:39:39","2019-12-08","11:39:39","2019","12","11","Anya,Mushdog","15.00","","600x600","","Interval","Anya","3","","","","Inactive","sleeping"
"1556","Pallas Cat","Arlisa Homan","664aada0-4976-408a-a13f-3f2629c3b099","2019-12-08 11:36:39","2019-12-08 11:51:39","2019-12-08 11:39:39","2019-12-08","11:39:39","2019","12","11","Anya,Mushdog","15.00","","600x600","","Interval","Mushdog","3","","","","Inactive","sleeping"
"1556","Pallas Cat","Arlisa Homan","664aada0-4976-408a-a13f-3f2629c3b099","2019-12-08 11:36:39","2019-12-08 11:51:39","2019-12-08 11:40:39","2019-12-08","11:40:39","2019","12","11","Anya,Mushdog","15.00","","600x600","","Interval","Anya","4","","","","Inactive","sleeping"
"1556","Pallas Cat","Arlisa Homan","664aada0-4976-408a-a13f-3f2629c3b099","2019-12-08 11:36:39","2019-12-08 11:51:39","2019-12-08 11:40:39","2019-12-08","11:40:39","2019","12","11","Anya,Mushdog","15.00","","600x600","","Interval","Mushdog","4","","","","Inactive","sleeping"
"1556","Pallas Cat","Arlisa Homan","664aada0-4976-408a-a13f-3f2629c3b099","2019-12-08 11:36:39","2019-12-08 11:51:39","2019-12-08 11:41:39","2019-12-08","11:41:39","2019","12","11","Anya,Mushdog","15.00","","600x600","","Interval","Anya","5","","","","Inactive","sleeping"
"1556","Pallas Cat","Arlisa Homan","664aada0-4976-408a-a13f-3f2629c3b099","2019-12-08 11:36:39","2019-12-08 11:51:39","2019-12-08 11:41:39","2019-12-08","11:41:39","2019","12","11","Anya,Mushdog","15.00","","600x600","","Interval","Mushdog","5","","","","Inactive","sleeping"
"1556","Pallas Cat","Arlisa Homan","664aada0-4976-408a-a13f-3f2629c3b099","2019-12-08 11:36:39","2019-12-08 11:51:39","2019-12-08 11:42:39","2019-12-08","11:42:39","2019","12","11","Anya,Mushdog","15.00","","600x600","","Interval","Anya","6","","","","Inactive","sleeping"
"1556","Pallas Cat","Arlisa Homan","664aada0-4976-408a-a13f-3f2629c3b099","2019-12-08 11:36:39","2019-12-08 11:51:39","2019-12-08 11:42:39","2019-12-08","11:42:39","2019","12","11","Anya,Mushdog","15.00","","600x600","","Interval","Mushdog","6","","","","Inactive","sleeping"
"1556","Pallas Cat","Arlisa Homan","664aada0-4976-408a-a13f-3f2629c3b099","2019-12-08 11:36:39","2019-12-08 11:51:39","2019-12-08 11:43:39","2019-12-08","11:43:39","2019","12","11","Anya,Mushdog","15.00","","600x600","","Interval","Anya","7","","","","Inactive","sleeping"
"1556","Pallas Cat","Arlisa Homan","664aada0-4976-408a-a13f-3f2629c3b099","2019-12-08 11:36:39","2019-12-08 11:51:39","2019-12-08 11:43:39","2019-12-08","11:43:39","2019","12","11","Anya,Mushdog","15.00","","600x600","","Interval","Mushdog","7","","","","Inactive","sleeping"
"1556","Pallas Cat","Arlisa Homan","664aada0-4976-408a-a13f-3f2629c3b099","2019-12-08 11:36:39","2019-12-08 11:51:39","2019-12-08 11:44:39","2019-12-08","11:44:39","2019","12","11","Anya,Mushdog","15.00","","600x600","","Interval","Anya","8","","","","Inactive","sleeping"
"1556","Pallas Cat","Arlisa Homan","664aada0-4976-408a-a13f-3f2629c3b099","2019-12-08 11:36:39","2019-12-08 11:51:39","2019-12-08 11:44:39","2019-12-08","11:44:39","2019","12","11","Anya,Mushdog","15.00","","600x600","","Interval","Mushdog","8","","","","Inactive","sleeping"
"1556","Pallas Cat","Arlisa Homan","664aada0-4976-408a-a13f-3f2629c3b099","2019-12-08 11:36:39","2019-12-08 11:51:39","2019-12-08 11:45:39","2019-12-08","11:45:39","2019","12","11","Anya,Mushdog","15.00","","600x600","","Interval","Anya","9","","","","Inactive","sleeping"
"1556","Pallas Cat","Arlisa Homan","664aada0-4976-408a-a13f-3f2629c3b099","2019-12-08 11:36:39","2019-12-08 11:51:39","2019-12-08 11:45:39","2019-12-08","11:45:39","2019","12","11","Anya,Mushdog","15.00","","600x600","","Interval","Mushdog","9","","","","Inactive","sleeping"
"1556","Pallas Cat","Arlisa Homan","664aada0-4976-408a-a13f-3f2629c3b099","2019-12-08 11:36:39","2019-12-08 11:51:39","2019-12-08 11:46:39","2019-12-08","11:46:39","2019","12","11","Anya,Mushdog","15.00","","600x600","","Interval","Anya","10","","","","Inactive","sleeping"
"1556","Pallas Cat","Arlisa Homan","664aada0-4976-408a-a13f-3f2629c3b099","2019-12-08 11:36:39","2019-12-08 11:51:39","2019-12-08 11:46:39","2019-12-08","11:46:39","2019","12","11","Anya,Mushdog","15.00","","600x600","","Interval","Mushdog","10","","","","Inactive","sleeping"
"1556","Pallas Cat","Arlisa Homan","664aada0-4976-408a-a13f-3f2629c3b099","2019-12-08 11:36:39","2019-12-08 11:51:39","2019-12-08 11:47:39","2019-12-08","11:47:39","2019","12","11","Anya,Mushdog","15.00","","600x600","","Interval","Anya","11","","","","Inactive","sleeping"
"1556","Pallas Cat","Arlisa Homan","664aada0-4976-408a-a13f-3f2629c3b099","2019-12-08 11:36:39","2019-12-08 11:51:39","2019-12-08 11:47:39","2019-12-08","11:47:39","2019","12","11","Anya,Mushdog","15.00","","600x600","","Interval","Mushdog","11","","","","Inactive","sleeping"
"1556","Pallas Cat","Arlisa Homan","664aada0-4976-408a-a13f-3f2629c3b099","2019-12-08 11:36:39","2019-12-08 11:51:39","2019-12-08 11:48:39","2019-12-08","11:48:39","2019","12","11","Anya,Mushdog","15.00","","600x600","","Interval","Anya","12","","","","Inactive","sleeping"
"1556","Pallas Cat","Arlisa Homan","664aada0-4976-408a-a13f-3f2629c3b099","2019-12-08 11:36:39","2019-12-08 11:51:39","2019-12-08 11:48:39","2019-12-08","11:48:39","2019","12","11","Anya,Mushdog","15.00","","600x600","","Interval","Mushdog","12","","","","Inactive","sleeping"
"1556","Pallas Cat","Arlisa Homan","664aada0-4976-408a-a13f-3f2629c3b099","2019-12-08 11:36:39","2019-12-08 11:51:39","2019-12-08 11:49:39","2019-12-08","11:49:39","2019","12","11","Anya,Mushdog","15.00","","600x600","","Interval","Anya","13","","","","Inactive","sleeping"
"1556","Pallas Cat","Arlisa Homan","664aada0-4976-408a-a13f-3f2629c3b099","2019-12-08 11:36:39","2019-12-08 11:51:39","2019-12-08 11:49:39","2019-12-08","11:49:39","2019","12","11","Anya,Mushdog","15.00","","600x600","","Interval","Mushdog","13","","","","Inactive","sleeping"
"1556","Pallas Cat","Arlisa Homan","664aada0-4976-408a-a13f-3f2629c3b099","2019-12-08 11:36:39","2019-12-08 11:51:39","2019-12-08 11:50:39","2019-12-08","11:50:39","2019","12","11","Anya,Mushdog","15.00","","600x600","","Interval","Anya","14","","","","Inactive","sleeping"
"1556","Pallas Cat","Arlisa Homan","664aada0-4976-408a-a13f-3f2629c3b099","2019-12-08 11:36:39","2019-12-08 11:51:39","2019-12-08 11:50:39","2019-12-08","11:50:39","2019","12","11","Anya,Mushdog","15.00","","600x600","","Interval","Mushdog","14","","","","Inactive","sleeping"
"1556","Pallas Cat","Arlisa Homan","664aada0-4976-408a-a13f-3f2629c3b099","2019-12-08 11:36:39","2019-12-08 11:51:39","","","","","","","Anya,Mushdog","15.00","","600x600","","Interval","Anya","15","","","","",""
"1556","Pallas Cat","Arlisa Homan","664aada0-4976-408a-a13f-3f2629c3b099","2019-12-08 11:36:39","2019-12-08 11:51:39","","","","","","","Anya,Mushdog","15.00","","600x600","","Interval","Mushdog","15","","","","",""
